id,accession,otu,locus,full_loc,pops,longitude,latitude,fasta
AFMTDNA658,KT869815,Rhopias gularis,cytb,"RPPN Serra Bonita, Camacan, BA",camacan,-39.56919,-15.3851,TGCCACCGGCCTATTAATAGCGATACACTACACAGCAGACACTACCCTAGCCTTCACATCAGTCGCCCATACCTGCCGAAACGTCCAATATGGCTGATTAATCCGAAACCTTCATGCAAACGGAGCTTCCATGTTTTTCATCTGCATCTACCTTCACATTGGACGAGGCCTATACTATGGCTCTTACCTATATAAAGAAACCTGAAATACAGGAATTATCCTACTACTAACTCTCATAGCAACAGCCTTCGTAGGATACGTCCTCCCCTGAGGACAAATATCATTCTGAGGAGCAACCGTCATCACCAACCTATTTTCAGCCATCCCTTACATCGGACAAACAATCGTAGAATGGGCCTGAGGAGGATTTTCAGTCGACAATCCTACTCTTACACGATTCTTCGCTCTCCACTTTCTTCTCCCTTTTGTCATCGCAGGCCTAACATTTATCCACTTAACCTTCTTACACGAAACCGGATCCAACAACCCTCTAGGCATTCCATCAAACTGTGATAAAATTCCATTCCACCCCTACTTCTCCTCAAAAGACATCCTAGGATTCATAACTATATTCCTTCCCCTCATATCTCTCGCTATATTCTCACCCAACCTACTAGGCGACCCAGAAAACTTCACACCTGCAAACCCACTAGTGACCCCTCCCCATATTAAACCTGAATGATACTTCCTATTTGCATACGCCATCCTACGATCTATTCCAAACAAACTAGGAGGCGTTCTTGCCCTCGCTGCCTCCGTCCTCATCCTATTTCTAATTCCTTTCCTACACAAATCGAAACAACGAACAATAACCTTCCGACCCCTTTCCCAACTCATATTCTGAATCCTCGTATCTAACCTTCTAATCCTCACATGAGTAGGAAGCCAACCAGTAGAACACCCATTTATCATCATCGGTCAACTAGCCTCACTCACATACTTCACAATTATCCTAGTTCTATTCCCAATTGCCGGAGCCCTAGAGAACAAAATACTTAATCT
AFMTDNA659,KT869816,Rhopias gularis,cytb,"RPPN Serra Bonita, Camacan, BA",camacan,-39.56919,-15.3851,GCGATACACTACACAGCAGACACTACCCTAGCCTTCACATCAGTCGCCCATACCTGCCGAAACGTCCAATATGGCTGATTAATCCGAAACCTTCATGCAAACGGAGCTTCCATGTTTTTCATCTGCATCTACCTTCACATTGGACGAGGCCTATACTATGGCTCTTACCTATATAAAGAAACCTGAAATACAGGAATTATCCTACTACTAACTCTCATAGCAACAGCCTTCGTAGGATACGTCCTCCCCTGAGGACAAATATCATTCTGAGGAGCAACCGTCATCACCAACCTATTTTCAGCCATCCCTTACATCGGACAAACAATCGTAGAATGGGCCTGAGGAGGATTTTCAGTCGACAATCCTACTCTTACACGATTCTTCGCTCTCCACTTTCTTCTCCCTTTTGTCATCGCAGGCCTAACATTTATCCACTTAACCTTCTTACACGAAACCGGATCCAACAACCCTCTAGGCATTCCATCAAACTGTGATAAAATTCCATTCCACCCCTACTTCTCCTCAAAAGACATCCTAGGATTCATAACTATATTCCTTCCCCTCATATCTCTCGCTATATTCTCACCCAACCTACTAGGCGACCCAGAAAACTTCACACCTGCAAACCCACTAGTGACCCCTCCCCATATTAAACCTGAATGATACTTCCTATTTGCATACGCCATCCTACGATCTATTCCAAACAAACTAGGAGGCGTTCTTGCCCTCGCTGCCTCCGTCCTCATCCTATTTCTAATTCCTTTCCTACACAAATCGAAACAACGAACAATAACCTTCCGACCCCTTTCCCAACTCATATTCTGAATCCTCGTATCTAACCTTCTAATCCTCACATGAGTAGGAAGCCAACCAGTAGAACACCCATTTATCATCATCGGTCAACTAGCCTCACTCACATACTTCACAATTATCCTAGTTCTATTCCCAATTGCCGGAGCCCTAGAGAACAAAATAC
AFMTDNA660,KT869817,Rhopias gularis,cytb,"RPPN Serra Bonita, Camacan, BA",camacan,-39.56919,-15.3851,GCGATACACTACACAGCAGACACTACCCTAGCCTTCACATCAGTCGCCCATACCTGCCGAAACGTCCAATATGGCTGATTAATCCGAAACCTTCATGCAAACGGAGCTTCCATGTTTTTCATCTGCATCTACCTTCACATTGGACGAGGCCTATACTATGGCTCTTACCTATATAAAGAAACCTGAAATACAGGAATTATCCTACTACTAACTCTCATAGCAACAGCCTTCGTAGGATACGTCCTCCCCTGAGGACAAATATCATTCTGAGGAGCAACCGTCATCACCAACCTATTTTCAGCCATCCCTTACATCGGACAAACAATCGTAGAATGGGCCTGAGGAGGATTTTCAGTCGACAATCCTACTCTTACACGATTCTTCGCTCTCCACTTTCTTCTCCCTTTTGTCATCGCAGGCCTAACATTTATCCACTTAACCTTCTTACACGAAACCGGATCCAACAACCCTCTAGGCATTCCATCAAACTGTGATAAAATTCCATTCCACCCCTACTTCTCCTCAAAAGACATCCTAGGATTCATAACTATATTCCTTCCCCTCATATCTCTCGCTATATTCTCACCCAACCTACTAGGCGACCCAGAAAACTTCACACCTGCAAACCCACTAGTGACCCCTCCCCATATTAAACCTGAATGATACTTCCTATTTGCATACGCCATCCTACGATCTATTCCAAACAAACTAGGAGGCGTTCTTGCCCTCGCTGCCTCCGTCCTCATCCTATTTCTAATTCCTTTCCTACACAAATCGAAACAACGAACAATAACCTTCCGACCCCTTTCCCAACTCATATTCTGAATCCTCGTATCTAACCTTCTAATCCTCACATGAGTAGGAAGCCAACCAGTAGAACACCCATTTATCATCATCGGTCAACTAGCCTCACTCACATACTTCACAATTATCCTAGTTCTATTCCCAATTGCCGGAGCCCTAGAGAACAAAATACTTAATCTC
AFMTDNA661,KT869818,Rhopias gularis,cytb,"RPPN Serra Bonita, Camacan, BA",camacan,-39.56919,-15.3851,CACAGCAGACACTACCCTAGCCTTCACATCAGTCGCCCATACCTGCCGAAACGTCCAATATGGCTGATTAATCCGAAACCTTCATGCAAACGGAGCTTCCATGTTTTTCATCTGCATCTACCTTCACATTGGACGAGGCCTATACTATGGCTCTTACCTATATAAAGAAACCTGAAATACAGGAATTATCCTACTACTAACTCTCATAGCAACAGCCTTCGTAGGATACGTCCTCCCCTGAGGACAAATATCATTCTGAGGAGCAACCGTCATCACCAACCTATTTTCAGCCATCCCTTACATCGGACAAACAATCGTAGAATGGGCCTGAGGAGGATTTTCAGTCGACAATCCTACTCTTACACGATTCTTCGCTCTCCACTTTCTTCTCCCTTTTGTCATCGCAGGCCTAACATTTATCCACTTAACCTTCTTACACGAAACCGGATCCAACAACCCTCTAGGCATTCCATCAAACTGTGATAAAATTCCATTCCACCCCTACTTCTCCTCAAAAGACATCCTAGGATTCATAACTATATTCCTTCCCCTCATATCTCTCGCTATATTCTCACCCAACCTACTAGGCGACCCAGAAAACTTCACACCTGCAAACCCACTAGTGACCCCTCCCCATATTAAACCTGAATGATACTTCCTATTTGCATACGCCATCCTACGATCTATTCCAAACAAACTAGGAGGCGTTCTTGCCCTCGCTGCCTCCGTCCTCATCCTATTTCTAATTCCTTTCCTACACAAATCGAAACAACGAACAATAACCTTCCGACCCCTTTCCCAACTCATATTCTGAATCCTCGTATCTAACCTTCTAATCCTCACATGAGTAGGAAGCCAACCAGTAGAACACCCATTTATCATCATCGGTCAACTAGCCTCACTCACATACTTCACAATTATCCTAGTTCTATTCCCAATTGCCGGAGCCCTAGAGAACAAAATACTTAATCTC
AFMTDNA662,KT869819,Rhopias gularis,cytb,"RPPN Serra Bonita, Camacan, BA",camacan,-39.56919,-15.3851,CCCAAATTGCCACCGGCCTATTAATAGCGATACACTACACAGCAGACACTACCCTNNCCTTCACATCAGTCGCCCATACCTGCCGAAACGTCCAATATGGCTGATTAATCCGAAACCTTCATGCAAACGGAGCTTNNNTGTTTTTCATCTGCATCTACCTTCACATTGGACGAGGCCTATACTATGGCTCTTACCTATATAAAGAAACCTGAAATACAGGAATTATCCTACTACTAACTCTCATAGCAACAGCCTTCGTAGGATATGTCCTCCCCTGAGGACAAATATCATTTTGAGGAGCAACCGTCATCACCAACCTATTTTCAGCCATCCCTTACATCGGACAAACAATCGTAGAATGGGCCTGAGGAGGATTTTCAGTCGACAATCCTACTCTTACACGATTCTTCACTCTCCACTTTCTTCTCCCTTTTGTCATCGCAGGCCTAACATTTATCCACTTAACCTTCTTACACGAAACCGGATCCAACAACCCTCTAGGCATTCCATCAAACTGTGATAAAATTCCATTCCACCCCTACTTCTCCTCAAAAGACATCCTAGGATTCATAACTATATTCCTTCCCCTCATATCTCTCGCTATATTCTCACCCAACCTACTAGGCGACCCAGAAAACTTCACACCTGCAAACCCACTAGTGACCCCTCCCCATATTAAACCTGAATGATACTTCCTATTTGCATACGCCATCCTACGATCTATTCCAAACAAACTAGGAGGCGTTCTTGCCCTCGCTGCCTCCGTCCTCATCCTATTTCTAATTCCTTTCCTACACAAATCGAAACAACGAACAATAACCTTCCGACCCCTTTCCCAACTCATATTCTGAATCCTCGTATCTAACCTTCTAATCCTCACATGAGTAGGAAGCCAACCAGTAGAACACCCATTTATCATCATCGGTCAACTAGCCTCAC
AFMTDNA663,KT869814,Rhopias gularis,cytb,"Parque Nacional do Caparao, Santa Marta, ES",caparao,-41.74488,-20.4549,CCCAAATTGCCACCGGCCTATTAATAGCGATACACTACACAGCAGACACCACCCTAGCCTTCACATCAGTCGCCCATACCTGCCGAAACGTCCAATATGGCTGATTAATCCGAAACCTTCATGCAAACGGAGCTTCCATGTTTTTCATCTGCATCTACCTTCACATTGGACGAGGCCTATACTATGGCTCTTACCTATATAAAGAAACCTGAAATACAGGAATTATCCTACTACTAACTCTCATAGCAACAGCCTTCGTAGGATACGTCCTCCCCTGAGGGCAAATATCATTTTGAGGAGCAACCGTCATCACCAACCTATTTTCAGCCATCCCTTACATCGGACAAACAATCGTAGAATGGGCCTGAGGAGGATTTTCAGTCGACAATCCTACTCTTACACGATTCTTCGCTCTCCACTTTCTTCTCCCTTTTGTCATCGCAGGCCTAACATTTATCCACTTAACCTTCTTACACGAAACCGGATCCAACAACCCTCTAGGCATTCCATCAAACTGCGATAAGATTCCATTCCACCCCTACTTCTCCTCAAAAGACATCCTAGGATTCATAACCATATTCCTTCCCCTCATATCTCTCGCTATATTCTCACCCAACCTANTAGGCGACCCAGAAAACTTCACACCTGCAAACCCACTAGTGACCCCTCCCCATATTAAACCTGAATGATACTTCCTATTTGCATACGCCATCCTACGATCTATTCCAAACAAACTAGGAGGCGTTCTTGCCCTCGCTGCCTCCGTCCTCATCCTATTCCTAATTCCTTTCCTACACAAATCGAAACAACGAACAATAACCTTCCGACCCCTTTCCCAACTCATATTCTGAATCCTCGTATCTAACCTTCTAATCCTCACATGAGTAGGAAGCCAACCAGTAGAACACCCATTTATCATCATCGGTCAACTAGCCTCACTCACATACTTCACAATTATCCTAGTTCTATTCCCAATTGCCGGAGCCCTAGAGAACAAAATACTTAATCT
AFMTDNA664,KT869796,Rhopias gularis,cytb,"Parque Estadual Serra do Brigadeiro, Araponga, MG",brigadeiro,-42.51666,-20.65,CCCAAATTGCCACCGGCCTATTAATAGCGATACACTACACAGCAGACACCACCCTAGCCTTCACATCAGTCGCCCATACCTGCCGAAACGTCCAATATGGCTGATTAATCCGAAACCTTCATGCAAACGGAGCTTCCATGTTTTTCATCTGCATCTACCTTCACATTGGACGAGGCCTATACTATGGCTCTTACCTATATAAAGAAACCTGAAATACAGGAATTATCCTACTACTAACTCTCATAGCAACAGCCTTCGTAGGATACGTCCTCCCCTGAGGGCAAATATCATTTTGAGGAGCAACCGTCATCACCAACCTATTTTCAGCCATCCCTTACATCGGACAAACAATCGTAGAATGGGCCTGAGGAGGATTTTCAGTCGACAATCCTACTCTTACACGATTCTTCGCTCTCCACTTTCTTCTCCCTTTTGTCATCGCAGGCCTAACATTTATCCACTTAACCTTCTTACACGAAACCGGATCCAACAACCCTCTAGGCATTCAATCAAACTGCGATAAGATTCCATTCCACCCCTACTTCTCCTCAAAAGACATCCTAGGATTCATAACCATATTCCTTCCCCTCATATCTCTCGCTATATTCTCACCCAACCTACTAGGCGACCCAGAAAACTTCACACCTGCAAACCCACTAGTGACCCCTCCCCATATTAAACCTGAATGATACTTCCTATTTGCATACGCCATCCTACGATCTATTCCAAACAAACTAGGAGGCGTTCTTGCCCTCGCTGCCTCCGTCCTCATCCTATTCCTAATTCCTTTCCTACACAAATCGAAACAACGAACAATAACCTTCCGACCCCTTTCCCAACTCATATTCTGAATCCTCGTATCTAACCTTCTAATCCTCACATGAGTAGGAAGCCAACCAGTAGAACACCCATTTATCATCATCGGTCAACTAGCCTCACTCACATACTTCACAATTATCCTAGTTCTATTCCCAATTGCCGGAGCCCTAGAGAACAAAATACTTAATCTC
AFMTDNA665,KT869808,Rhopias gularis,cytb,"Parque Nacional Serra dos Orgaos, Teresopolis, RJ",orgaos,-43.00595,-22.4478,CCGGCCTATTAATAGCGATACACTACACAGCAGACACCACCCTAGCCTTCACATCAGTCGCCCATACCTGCCGAAACGTCCAATATGGCTGATTAATCCGAAACCTTCATGCAAACGGAGCTTCCATGTTTTTCATCTGCATCTACCTTCACATTGGACGAGGCCTATACTATGGCTCTTACCTATATAAAGAAACCTGAAATACAGGAATTATCCTACTACTAACTCTCATAGCAACAGCCTTCGTAGGATACGTCCTCCCCTGAGGGCAAATATCATTTTGAGGAGCAACCGTCATCACCAACCTATTTTCAGCCATCCCTTACATCGGACAAACAATCGTAGAATGGGCCTGAGGAGGATTTTCAGTCGACAATCCTACTCTTACACGATTCTTCGCTCTCCACTTTCTTCTCCCTTTTGTCATCGCAGGCCTAACATTTATCCACTTAACCTTCTTACACGAAACCGGATCCAACAACCCTCTAGGCATTCCATCAAACTGCGATAAGATTCCATTCCACCCCTACTTCTCCTCAAAAGACATCCTAGGATTCATAACCATATTCCTTCCCCTCATATCTCTCGCTATATTCTCACCCAACCTACTAGGCGACCCAGAAAACTTCACACCTGCAAACCCACTAGTGACCCCTCCCCATATTAAACCTGAATGATACTTCCTATTTGCATACGCCATCCTACGATCTATTCCAAACAAACTAGGAGGCGTTCTTGCCCTCGCTGCCTCCGTCCTCATCCTATTCCTAATTCCTTTCCTACACAAATCGAAACAACGAACAATAACCTTCCGACCCCTTTCCCAACTCATATTCTGAATCCTCGTATCTAACCTTCTAATCCTCACATGAGTAGGAAGCCAACCAGTAGAACACCCATTTATCATCATCGGTCAACTAGCCTCACTCACATACTTCACAATTATCCTAGTTCTATTCCCAATTGCCGGAGCCCTAGAGAACAAAA
AFMTDNA666,KT869809,Rhopias gularis,cytb,"Parque Nacional Serra dos Orgaos, Teresopolis, RJ",orgaos,-43.00595,-22.4478,CCCAAATTGCCACCGGCCTATTAATAGCGATACACTACACAGCAGACACCACCCTAGCCTTCACATCAGTCGCCCATACCTGCCGAAACGTCCAATATGGCTGATTAATCCGAAACCTTCATGCAAACGGAGCTTCCATGTTTTTCATCTGCATCTACCTTCACATTGGACGAGGCCTATACTATGGCTCTTACCTATATAAAGAAACCTGAAATACAGGAATTATCCTACTACTAACTCTCATAGCAACAGCCTTCGTAGGATACGTCCTCCCCTGAGGGCAAATATCATTTTGAGGAGCAACCGTCATCACCAACCTATTTTCAGCCATCCCTTACATCGGACAAACAATCGTAGAATGGGCCTGAGGAGGATTTTCAGTCGACAATCCTACTCTTACACGATTCTTCGCTCTCCACTTTCTTCTCCCTTTTGTCATCGCAGGCCTAACATTTATCCACTTAACCTTCTTACACGAAACCGGATCCAACAACCCTCTAGGCATTCCATCAAACTGCGATAAGATTCCATTCCACCCCTACTTCTCCTCAAAAGACATCCTAGGATTCATAACCATATTCCTTCCCCTCATATCTCTCGCTATATTCTCACCCAACCTACTAGGCGACCCAGAAAACTTCACACCTGCAAACCCACTAGTGACCCCTCCCCATATTAAACCTGAATGATACTTCCTATTTGCATACGCCATCCTACGATCTATTCCAAACAAACTAGGAGGCGTTCTTGCCCTCGCTGCCTCCGTCCTCATCCTATTCCTAATTCCTTTCCTACACAAATCGAAACAACGAACAATAACCTTCCGACCCCTTTCCCAACTCATATTCTGAATCCTCGTATCTAACCTTCTAATCCTCACATGAGTAGGAAGTCAACCAGTAGAACACCCATTTATCATCATCGGTCAACTAGCCTCACTCACATACTTCACAATTATCCTAGTTCTATTCCCAATTGCCGGAGCCCTAGAGAACAAAATACTTAATCT
AFMTDNA667,KT869810,Rhopias gularis,cytb,"Parque Nacional Serra dos Orgaos, Teresopolis, RJ",orgaos,-43.00595,-22.4478,CCCAAATTGCCACCGGCCTATTAATAGCGATACACTACACAGCAGACACCACCCTAGCCTTCACATCAGTCGCCCATACCTGCCGAAACGTCCAATATGGCTGATTAATCCGAAACCTTCATGCAAACGGAGCTTCCATGTTTTTCATCTGCATCTACCTTCACATTGGACGAGGCCTATACTATGGCTCTTACCTATATAAAGAAACCTGAAATACAGGAATTATCCTACTACTAACTCTCATAGCAACAGCCTTCGTAGGATACGTCCTCCCCTGAGGGCAAATATCATTTTGAGGAGCAACCGTCATCACCAACCTATTTTCAGCCATCCCTTACATCGGACAAACAATCGTAGAATGGGCCTGAGGAGGATTTTCAGTCGACAATCCTACTCTTACACGATTCTTCGCTCTCCACTTTCTTCTCCCTTTTGTCATCGCAGGCCTAACATTTATCCACTTAACCTTCTTACACGAAACCGGATCCAACAACCCTCTAGGCATTCCATCAAACTGCGATAAGATTCCATTCCACCCCTACTTCTCCTCAAAAGACATCCTAGGATTCATAACCATATTCCTTCCCCTCATATCTCTCGCTATATTCTCACCCAACCTACTAGGCGACCCAGAAAACTTCACACCTGCAAACCCACTAGTGACCCCTCCCCATATTAAACCTGAATGATACTTCCTATTTGCATACGCCATCCTACGATCTATTCCAAACAAACTAGGAGGCGTTCTTGCCCTCGCTGCCTCCGTCCTCATCCTATTCCTAATTCCTTTCCTACACAAATCGAAACAACGAACAATAACCTTCCGACCCCTTTCCCAACTCATATTCTGAATCCTCGTATCTAACCTTCTAATCCTCACATGAGTAGGAAGCCAACCAGTAGAACACCCATTTATCATCATCGGTCAACTAGCCTCACTCACATACTTCACAATTATCCTAGTTCTATTCCCAATTGCCGGAGCCCTAGAGAACAAAATACTTAATCT
AFMTDNA668,KT869811,Rhopias gularis,cytb,"Parque Nacional Serra dos Orgaos, Teresopolis, RJ",orgaos,-43.00595,-22.4478,CCCAAATTGCCACCGGCCTATTAATAGCGATACACTACACAGCAGACACAACCCTAGCCTTCACATCAGTCGCCCATACCTGCCGAAACGTCCAATATGGCTGATTAATCCGAAACCTTCATGCAAACGGAGCTTCCATGTTTTTCATCTGCATCTACCTTCACATTGGACGAGGCCTATACTATGGCTCTTACCTATATAAAGAAACCTGAAATACAGGAATTATCCTACTACTAACTCTCATAGCAACAGCCTTCGTAGGATACGTCCTCCCCTGAGGGCAAATATCATTTTGAGGAGCAACCGTCATCACCAACCTATTTTCAGCCATCCCTTACATCGGACAAACAATCGTAGAATGGGCCTGAGGAGGATTTTCAGTCGACAATCCTACTCTTACACGATTCTTCGCTCTCCACTTTCTTCTCCCTTTTGTCATCGCAGGCCTAACATTTATCCACTTAACCTTCTTACACGAAACCGGATCCAACAACCCTCTAGGCATTCCATCAAACTGCGATAAGATTCCATTCCACCCCTACTTCTCCTCAAAAGACATCCTAGGATTCATAACCATATTCCTTCCCCTCATATCTCTCGCTATATTCTCACCCAACCTACTAGGCGACCCAGAAAACTTCACACCTGCAAACCCACTAGTGACCCCTCCCCATATTAAACCTGAATGATACTTCCTATTTGCATACGCCATCCTACGATCTATTCCAAACAAACTAGGAGGCGTTCTTGCCCTCGCTGCCTCCGTCCTCATCCTATTCCTAATTCCTTTCCTACACAAATCGAAACAACGAACAATAACCTTCCGACCCCTTTCCCAACTCATATTCTGAATCCTCGTATCTAACCTTCTAATCCTCACATGAGTAGGAAGCCAACCAGTAGAACACCCATTTATCATCATCGGTCAACTAGCCTCACTCACATACTTCACAATTATCCTAGTTCTATTCCCAATTGCCGGAGCCCTAGAGAACAAAATACTTAATCTC
AFMTDNA669,KT869812,Rhopias gularis,cytb,"Parque Nacional Serra dos Orgaos, Teresopolis, RJ",orgaos,-43.00595,-22.4478,ACCAAATTGCCACCGGCCTATTAATAGCGATACACTACACAGCAGACACCACCCTAGCCTTCACATCAGTCGCCCATACCTGCCGAAACGTCCAATATGGCTGATTAATCCGAAACCTTCATGCAAACGGAGCTTCCATGTTTTTCATCTGCATCTACCTTCACATTGGACGAGGCCTATACTATGGCTCTTACCTATATAAAGAAACCTGAAATACAGGAATTATCCTACTACTAACTCTCATAGCAACAGCCTTCGTAGGATACGTCCTCCCCTGAGGGCAAATATCATTTTGAGGAGCAACCGTCATCACCAACCTATTTTCAGCCATCCCTTACATCGGACAAACAATCGTAGAATGGGCCTGAGGAGGATTTTCAGTCGACAATCCTACTCTTACACGATTCTTCGCTCTCCACTTTCTTCTCCCTTTTGTCATCGCAGGCCTAACATTTATCCACTTAACCTTCTTACACGAAACCGGATCCAACAACCCTCTAGGCATTCCATCAAACTGCGATAAGATTCCATTCCACCCCTACTTCTCCTCAAAAGACATCCTAGGATTCATAACCATATTCCTTCCCCTCATATCTCTCGCTATATTCTCACCCAACCTACTAGGCGACCCAGAAAACTTCACACCTGCAAACCCACTAGTGACCCCTCCCCATATTAAACCTGAATGATACTTCCTATTTGCATACGCCATCCTACGATCTATTCCAAACAAACTAGGAGGCGTTCTTGCCCTCGCTGCCTCCGTCCTCATCCTATTCCTAATTCCTTTCCTACACAAATCGAAACAACGAACAATAACCTTCCGACCCCTTTCCCAACTCATATTCTGAATCCTCGTATCTAACCTTCTAATCCTCACATGAGTAGGAAGCCAACCAGTAGAACACCCATTTATCATCATCGGTCAACTAGCCTCACTCACATACTTCACAATTATCCTAGTTCTATTCCCAATTGCCGGAGCCCTAGAGAACAAAATACTTAATCTC
AFMTDNA670,KT869813,Rhopias gularis,cytb,"Parque Nacional Serra dos Orgaos, Teresopolis, RJ",orgaos,-43.00595,-22.4478,CCCAAATTGCCACCGGCCTATTAATAGCGATACACTACACAGCAGACACCACCCTAGCCTTCACATCAGTCGCCCATACCTGCCGAAACGTCCAATATGGCTGATTAATCCGAAACCTTCATGCAAACGGAGCTTCCATGTTTTTCATCTGCATCTACCTTCACATTGGACGAGGCCTATACTATGGCTCTTACCTATATAAAGAAACCTGAAATACAGGAATTATCCTACTACTAACTCTCATAGCAACAGCCTTCATAGGATACGTCCTCCCCTGAGGGCAAATATCATTTTGAGGAGCAACCGTCATCACCAACCTATTTTCAGCCATCCCTTACATCGGACAAACAATCGTAGAATGGGCCTGAGGAGGATTTTCAGTCGACAATCCTACTCTTACACGATTCTTCGCTCTCCACTTTCTTCTCCCTTTTGTCATCGCAGGCCTAACATTTATCCACTTAACCTTCTTACACGAAACCGGATCCAACAACCCTCTAGGCATTCCATCAAACTGCGATAAGATTCCATTCCACCCCTACTTCTCCTCAAAAGACATCCTAGGATTCATAACCATATTCCTTCCCCTCATATCTCTCGCTATATTCTCACCCAACCTACTAGGCGACCCAGAAAACTTCACACCTGCAAACCCACTAGTGACCCCTCCCCATATTAAACCTGAATGATACTTCCTATTTGCATACGCCATCCTACGATCTATTCCAAACAAACTAGGAGGCGTTCTTGCCCTCGCTGCCTCCGTCCTCATCCTATTCCTAATTCCTTTCCTACACAAATCGAAACAACGAACAATAACCTTCCGACCCCTTTCCCAACTCATATTCTGAATCCTCGTATCTAACCTTCTAATCCTCACATGAGTAGGAAGCCAACCAGTAGAACACCCATTTATCATCATCGGTCAACTAGCCTCACTCACATACTTCACAATTATCCTAGTTCTATTCCCAATTGCCGGAGCCCTAGAGAACAAAATACTTAATCTC
AFMTDNA671,KT869842,Rhopias gularis,cytb,"Paraty, RJ",paraty,-44.7131,-23.2178,CCCAAATTGCCACCGGCCTATTAATAGCGATACACTACACAGCAGACACCACCCTAGCCTTCACATCAGTCGCCCATACCTGCCGAAACGTCCAATATGGCTGATTAATCCGAAACCTTCATGCAAACGGAGCTTCCATGTTTTTCATCTGCATCTACCTTCACATTGGACGAGGCCTATACTATGGCTCTTACCTATATAAAGAAACCTGAAATACAGGAATTATCCTACTACTAACTCTCATAGCAACAGCCTTCGTAGGATACGTCCTCCCCTGAGGGCAAATATCATTTTGAGGAGCAACCGTCATCACCAACCTATTTTCAGCCATCCCTTACATCGGACAAACAATCGTAGAATGGGCCTGAGGAGGATTTTCAGTCGACAATCCTACTCTTACACGATTCTTCGCTCTCCACTTTCTTCTCCCTTTTGTCATCGCAGGCCTAACATTTATCCACTTAACCTTCTTACACGAAACCGGATCCAACAACCCTCTAGGCATTCCATCAAACTGCGATAAGATTCCATTCCACCCCTACTTCTCCTCAAAAGACATCCTAGGATTCATAACCATATTCCTTCCCCTCATATCTCTCGCTATATTCTCACCCAACCTACTAGGCGACCCAGAAAACTTCACACCTGCAAACCCACTAGTGACCCCTCCCCATATTAAACCTGAATGATACTTCCTATTTGCATACGCCATCCTACGATCTATTCCAAACAAACTAGGAGGCGTTCTTGCCCTCGCTGCCTCCGTCCTCATCCTATTCCTAATTCCTTTCCTACACAAATCGAAACAACGAACAATAACCTTCCGACCCCTTTCCCAACTCATATTCTGAATCCTCGTATCTAACCTTCTAATCCTCACATGAGTAGGAAGCCAACCAGTAGAACACCCATTTATCATCATCGGTCAACTAGCCTCACTCACATACTTCACAATTATCCTAGTTCTATTCCCAATTGCCGGAGCCCTAGAGAACAAAATACTTAAT
AFMTDNA672,KT869843,Rhopias gularis,cytb,"Paraty, RJ",paraty,-44.7131,-23.2178,CCCAAATTGCCACCGGCCTATTAATAGCGATACACTACACAGCAGACACCACCCTAGCCTTCACATCAGTCGCCCATACCTGCCGAAACGTCCAATATGGCTGATTAATCCGAAACCTTCATGCAAACGGAGCTTCCATGTTTTTCATCTGCATCTACCTTCACATTGGACGAGGCCTATACTATGGCTCTTACCTATATAAAGAAACCTGAAATACAGGAATTATCCTACTACTAACTCTCATAGCAACAGCCTTCGTAGGATACGTCCTCCCCTGAGGGCAAATATCATTTTGAGGAGCAACCGTCATCACCAACCTATTTTCAGCCATCCCTTACATCGGACAAACAATCGTAGAATGGGCCTGAGGAGGATTTTCAGTCGACAATCCTACTCTTACACGATTCTTCGCTCTCCACTTTCTTCTCCCTTTTGTCATCGCAGGCCTAACACTTATCCACTTAACCTTCTTACACGAAACCGGATCCAACAACCCTCTAGGCATTCCATCAAACTGCGATAAGATTCCATTCCACCCCTACTTCTCCTCAAAAGACATCCTAGGATTCATAACCATATTCCTTCCCCTCATATCTCTCGCTATATTCTCACCCAACCTACTAGGCGACCCAGAAAACTTCACACCTGCAAACCCACTAGTGACCCCTCCCCATATTAAACCTGAATGATACTTCCTATTTGCATACGCCATCCTACGATCTATTCCAAACAAACTAGGAGGCGTTCTTGCCCTCGCTGCCTCCGTCCTCATCCTATTCCTAATTCCTTTCCTACACAAATCGAAACAACGAACAATAACCTTCCGACCCCTTTCCCAACTCATATTCTGAATCCTCGTATCTAACCTTCTAATCCTCACATGAGTAGGAAGCCAACCAGTAGAACACCCATTTATCATCATCGGTCAACTAGCCTCACTCACATACTTCACAATTATCCTAGTTCTATTCCCAATTGCCGGAGCCCTAGAGAACAAAATACTTAAT
AFMTDNA673,KT869855,Rhopias gularis,cytb,"Fazenda Capricornio, SP",capricornio,-45.06667,-23.4,AAATTGCCACCGGCCTATTAATAGCGATACACTACACAGCAGACACCACCCTAGCCTTCACATCAGTCGCCCATACCTGCCGAAACGTCCAATATGGCTGATTAATCCGAAACCTTCATGCAAACGGAGCTTCCATGTTTTTCATCTGCATCTACCTTCACATTGGACGAGGCCTATACTATGGCTCTTACCTATATAAAGAAACCTGAAATACAGGAATTATCCTACTACTAACTCTCATAGCAACAGCCTTCGTAGGATACGTCCTCCCCTGAGGGCAAATATCATTTTGAGGAGCAACCGTCATCACCAACCTATTTTCAGCCATCCCTTACATCGGACAAACAATCGTAGAATGGGCCTGAGGAGGATTTTCAGTCGACAATCCTACTCTTACACGATTCTTCGCTCTCCACTTTCTTCTCCCTTTTGTCATCGCAGGCCTAACATTTATCCACTTAACCTTCTTACACGAAACCGGATCCAACAACCCTCTAGGCATTCCATCAAACTGCGATAAGATTCCATTCCACCCCTACTTCTCCTCAAAAGACATCCTAGGATTCATAACCATATTCCTTCCCCTCATATCTCTCGCTATATTCTCACCCAACCTACTAGGCGACCCAGAAAACTTCACACCTGCAAACCCACTAGTGACCCCTCCCCATATTAAACCTGAATGATACTTCCTATTTGCATACGCCATCCTACGATCTATTCCAAACAAACTAGGAGGCGTTCTTGCCCTCGCTGCCTCCGTCCTCATCCTATTCCTAATTCCTTTCCTACACAAATCGAAACAACGAACAATAACCTTCCGACCCCTTTCCCAACTCATATTCTGAATCCTCGTATCTAACCTTCTAATCCTCACATGAGTAGGAAGCCAACCAGTAGAACACCCATTTATCATCATCGGTCAACTAGCCTCACTCACATACTTCACAATTATCCTAGTTCTATTCCCAATTGCCGGAGCCCTAGAGAACAAAATACTTAAT
AFMTDNA674,KT869856,Rhopias gularis,cytb,"Fazenda Capricornio, SP",capricornio,-45.06667,-23.4,TTGCCACCGGCCTATTAATAGCGATACACTACACAGCAGACACCACCCTAGCCTTCACATCAGTCGCCCATACCTGCCGAAACGTCCAATATGGCTGATTAATCCGAAACCTTCATGCAAACGGAGCTTCCATGTTTTTCATCTGCATCTACCTTCACATTGGACGAGGCCTATACTATGGCTCTTACCTATATAAAGAAACCTGAAATACAGGAATTATCCTACTACTAACTCTCATAGCAACAGCCTTCGTAGGATACGTCCTCCCCTGAGGGCAAATATCATTTTGAGGAGCAACCGTCATCACCAACCTATTTTCAGCCATCCCTTACATCGGACAAACAATCGTAGAATGGGCCTGAGGAGGATTTTCAGTCGACAATCCTACTCTTACACGATTCTTCGCTCTCCACTTTCTTCTCCCTTTTGTCATCGCAGGCCTAACATTTATCCACTTAACCTTCTTACACGAAACCGGATCCAACAACCCTCTAGGCATTCCATCAAACTGCGATAAGATTCCATTCCACCCCTACTTCTCCTCAAAAGACATCCTAGGATTCATAACCATATTCCTTCCCCTCATATCTCTCGCTATATTCTCACCCAACCTACTAGGCGACCCAGAAAACTTCACACCTGCAAACCCACTAGTGACCCCTCCCCATATTAAACCTGAATGATACTTCCTATTTGCATACGCCATCCTACGATCTATTCCAAACAAACTAGGAGGCGTTCTTGCCCTCGCCGCCTCCGTCCTCATCCTATTCCTAATTCCTTTCCTACACAAATCGAAACAACGAACAATAACCTTCCGACCCCTTTCCCAACTCATATTCTGAATCCTCGTATCTAACCTTCTAATCCTCACATGAGTAGGAAGCCAACCAGTAGAACACCCATTTATCATCATCGGTCAACTAGCCTCACTCACATACTTCACAATTATCCTANNNNTATTCCCAATTGCCGGAGCCCTAGAGAACAAAATAC
AFMTDNA675,KT869857,Rhopias gularis,cytb,"Fazenda Capricornio, SP",capricornio,-45.06667,-23.4,TTGCCACCGGCCTATTAATAGCGATACACTACACAGCAGACACCACCCTAGCCTTCACATCAGTCGCCCATACCTGCCGAAACGTCCAATATGGCTGATTAATCCGAAACCTTCATGCAAACGGAGCTTCCATGTTTTTCATCTGCATCTACCTTCACATTGGACGAGGCCTATACTATGGCTCTTACCTATATAAAGAAACCTGAAATACAGGAATTATCCTACTACTAACTCTCATAGCAACAGCCTTCGTAGGATACGTCCTCCCCTGAGGGCAAATATCATTTTGAGGAGCAACCGTCATCACCAACCTATTTTCAGCCATCCCTTACATCGGACAAACAATCGTAGAATGGGCCTGAGGAGGATTTTCAGTCGACAATCCTACTCTTACACGATTCTTCGCTCTCCACTTTCTTCTCCCTTTTGTCATCGCAGGCCTAACATTTATCCACTTAACCTTCTTACACGAAACCGGATCCAACAACCCTCTAGGCATTCCATCAAACTGCGATAAGATTCCATTCCACCCCTACTTCTCCTCAAAAGACATCCTAGGATTCATAACCATATTCCTTCCCCTCATATCTCTCGCTATATTCTCACCCAACCTACTAGGCGACCCAGAAAACTTCACACCTGCAAACCCACTAGTGACCCCTCCCCATATTAAACCTGAATGATACTTCCTATTTGCATACGCCATCCTACGATCTATTCCAAACAAACTAGGAGGCGTTCTTGCCCTCGCTGCCTCCGTCCTCATCCTATTCCTAATTCCTTTCCTACACAAATCGAAACAACGAACAATAACCTTCCGACCCCTTTCCCAACTCATATTCTGAATCCTCGTATCTAACCTTCTAATCCTCACATGAGTAGGAAGCCAACCAGTAGAACACCCATTTATCATCATCGGTCAACTAGCCTCACTCACATACTTCACAATTATCCTAGTTCTATTCCCAATTGCCGGAGCCCTAGAGAACAAAATACTTAA
AFMTDNA676,KT869838,Rhopias gularis,cytb,"Serra da Cantareira, Sao Paulo, SP",cantareira,-46.6361,-23.5475,CCCAAATTGCCACCGGCCTATTAATAGCGATACACTACACAGCAGACACCACCCTAGCCTTCACATCAGTCGCCCATACCTGCCGAAACGTCCAATATGGCTGATTAATCCGAAACCTTCATGCAAACGGAGCTTCCATGTTTTTCATCTGCATCTACCTTCACATTGGACGAGGCCTATACTATGGCTCTTACCTATATAAAGAAACCTGAAATACAGGAATTATCCTACTACTAACTCTCATAGCAACAGCCTTCGTAGGATACGTCCTCCCCTGAGGGCAAATATCATTTTGAGGAGCAACCGTCATCACCAACCTATTTTCAGCCATCCCTTACATCGGACAAACAATCGTAGAATGGGCCTGAGGAGGATTTTCAGTCGACAATCCTACTCTTACACGATTCTTCGCTCTCCACTTTCTTCTCCCTTTTGTCATCGCAGGCCTAACATTTATCCACTTAACCTTCTTACACGAAACCGGATCCAACAACCCTCTAGGCATTCCATCAAACTGCGATAAGATTCCATTCCACCCCTACTTCTCCTCAAAAGACATCCTAGGATTCATAACCATATTCCTTCCCCTCATATCTCTCGCTATATTCTCACCCAACCTACTAGGCGACCCAGAAAACTTCACACCTGCAAACCCACTAGTGACCCCTCCCCATATTAAACCTGAATGATACTTCCTATTTGCATACGCCATCCTACGATCTATTCCAAACAAACTAGGAGGCGTTCTTGCCCTCGCTGCCTCCGTCCTCATCCTATTCCTAATTCCTTTCCTACACAAATCGAAACAACGAACAATAACCTTCCGACCCCTTTCCCAACTCATATTCTGAATCCTCGTATCTAACCTTCTAATCCTCACATGAGTAGGAAGCCAACCAGTAGAACACCCATTTATCATCATCGGTCAACTAGCCTCACTCACATACTTCACAATTATCCTAGTTCTATTCCCAATTGCCGGAGCCCTAGAGAACAAAATACTTAATCT
AFMTDNA677,KT869839,Rhopias gularis,cytb,"Serra da Cantareira, Sao Paulo, SP",cantareira,-46.6361,-23.5475,TGCCACCGGCCTATTAATAGCGATACACTACACAGCAGACACCACCCTAGCCTTCACATCAGTCGCCCATACCTGCCGAAACGTCCAATATGGCTGATTAATCCGAAACCTTCATGCAAACGGAGCTTCCATGTTTTTCATCTGCATCTACCTTCACATTGGACGAGGCCTATACTATGGCTCTTACCTATATAAAGAAACCTGAAATACAGGAATTATCCTACTACTAACTCTCATAGCAACAGCCTTCGTAGGATACGTCCTCCCCTGAGGGCAAATATCATTTTGAGGAGCAACCGTCATCACCAACCTATTTTCAGCCATCCCTTACATCGGACAAACAATCGTAGAATGGGCCTGAGGAGGATTTTCAGTCGACAATCCTACTCTTACACGATTCTTCGCTCTCCACTTTCTTCTCCCTTTTGTCATCGCAGGCCTAACATTTATCCACTTAACCTTCTTACACGAAACCGGATCCAACAACCCTCTAGGCATTCCATCTAACTGCGATAAGATTCCATTCCACCCCTACTTCTCCTCAAAAGACATCCTAGGATTCATAACCATATTCCTTCCCCTCATATCTCTCGCTATATTCTCACCCAACCTACTAGGCGACCCAGAAAACTTCACACCTGCAAACCCACTAGTGACCCCTCCCCATATTAAACCTGAATGATACTTCCTATTTGCATACGCCATCCTACGATCTATTCCAAACAAACTAGGAGGCGTTCTTGCCCTCGCTGCCTCCGTCCTCATCCTATTCCTAATTCCTTTCCTACACAAATCGAAACAACGAACAATAACCTTCCGACCCCTTTCCCAACTCATATTCTGAATCCTCGTATCTAACCTTCTAATCCTCACATGAGTAGGAAGCCAACCAGTAGAACACCCATTTATCATCATCGGTCAACTAGCCTCACTCACATACTTCACAATTATCCTAGTTCTATTCCCAATTGCCGGAGCCCTAGAGAACAAA
AFMTDNA678,KT869840,Rhopias gularis,cytb,"Serra da Cantareira, Sao Paulo, SP",cantareira,-46.6361,-23.5475,ATACACTACACAGCAGACACCACCCTAGCCTTCACATCAGTCGCCCATACCTGCCGAAACGTCCAATATGGCTGATTAATCCGAAACCTTCATGCAAACGGAGCTTCCATGTTTTTCATCTGCATCTACCTTCACATTGGACGAGGCCTATACTATGGCTCTTACCTATATAAAGAAACCTGAAATACAGGAATTATCCTACTACTAACTCTCATAGCAACAGCCTTCGTAGGATACGTCCTCCCCTGAGGGCAAATATCATTTTGAGGAGCAACCGTCATCACCAACCTATTTTCAGCCATCCCTTACATCGGACAAACAATCGTAGAATGGGCCTGAGGAGGATTTTCAGTCGACAATCCTACTCTTACACGATTCTTCGCTCTCCACTTTCTTCTCCCTTTTGTCATCGCAGGCCTAACATTTATCCACTTAACCTTCTTACACGAAACCGGATCCAACAACCCTCTAGGCATTCCATCAAACTGCGATAAGATTCCATTCCACCCCTACTTCTCCTCAAAAGACATCCTAGGATTCATAACCATATTCCTTCCCCTCATATCTCTCGCTATATTCTCACCCAACCTACTAGGCGACCCAGAAAACTTCACACCTGCAAACCCACTAGTGACCCCTCCCCATATTAAACCTGAATGATACTTCCTATTTGCATACGCCATCCTACGATCTATTCCAAACAAACTAGGAGGCGTTCTTGCCCTCGCTGCCTCCGTCCTCATCCTATTCCTAATTCCTTTCCTACACAAATCGAAACAACGAACAATAACCTTCCGACCCCTTTCCCAACTCATATTCTGAATCCTCGTATCTAACCTTCTAATCCTCACATGAGTAGGAAGCCAACCAGTAGAACACCCATTTATCATCATCGGTCAACTAGCCTCACTCACATACTTCACAATTATCCTAGTTCTATTCCCAA
AFMTDNA679,KT869841,Rhopias gularis,cytb,"Serra da Cantareira, Sao Paulo, SP",cantareira,-46.6361,-23.5475,CCGGCCTATTAATANCGATACACTACACAGCAGACACCACCCTAGCCTTCACATCAGTCGCCCATACCTGCCGAAACGTCCAATATGGCTGATTAATCCGAAACCTTCATGCAAACGGAGCTTCCATGTTTTTCATCTGCATCTACCTTCACATTGGACGAGGCCTATACTATGGCTCTTACCTATATAAAGAAACCTGAAATACAGGAATTATCCTACTACTAACTCTCATAGCAACAGCCTTCGTAGGATACGTCCTCCCCTGAGGGCAAATATCATTTTGAGGAGCAACCGTCATCACCAACCTATTTTCAGCCATCCCTTACATCGGACAAACAATCGTAGAATGGGCCTGAGGAGGATTTTCAGTCGACAATCCTACTCTTACACGATTCTTCGCTCTCCACTTTCTTCTCCCTTTTGTCATCGCAGGCCTAACATTTATCCACTTAACCTTCTTACACGAAACCGGATCCAACAACCCTCTAGGCATTCCATCTAACTGCGATAAGATTCCATTCCACCCCTACTTCTCCTCAAAAGACATCCTAGGATTCATAACCATATTCCTTCCCCTCATATCTCTCGCTATATTCTCACCCAACCTACTAGGCGACCCAGAAAACTTCACACCTGCAAACCCACTAGTGACCCCTCCCCATATTAAACCTGAATGATACTTCCTATTTGCATACGCCATCCTACGATCTATTCCAAACAAACTAGGAGGCGTTCTTGCCCTCGCTGCCTCCGTCCTCATCCTATTCCTAATTCCTTTCCTACACAAATCGAAACAACGAACAATAACCTTCCGACCCCTTTCCCAACTCATATTCTGAATCCTCGTATCTAACCTTCTAATCCTCACATGAGTAGGAAGCCAACCAGTAGAACACCCATTTATCATCATCGGTCAACTAGCCTCACTCACATACTTCACAATTATCCTAGTTCTATTCCCAATTGCCGGAGCCCTAGAGAACAAAATACTTAATCT
AFMTDNA680,KT869803,Rhopias gularis,cytb,"Estacao Biologica Boraceia, Salesopolis, SP",ebb,-45.88963,-23.6542,CCCAAATTGCCACCGGCCTATTAATAGCNATACACTACACAGCAGACACCACCCTAGCCTTCACATCAGTCGCCCATACCTGCCGAAACGTCCAATATGGCTGATTAATCCGAAACCTTCATGCAAACGGAGCTTCCATGTTTTTCATCTGCATCTACCTTCACATTGGACGAGGCCTATACTATGGCTCTTACCTATATAAAGAAACCTGAAATACAGGAATTATCCTACTACTAACTCTCATAGCAACAGCCTTCGTAGGATACGTCCTCCCCTGAGGGCAAATATCATTTTGAGGAGCAACCGTCNNNNCCAACCTATTTTCAGCCATCCCTTACATCGGACAAACAATCGTAGAATGGGCCTGAGGAGGATTTTCAGTCGACAATCCTACTCTTACACGATTCTTCGCTCTCCACTTTCTTCTCCCTTTTGTCATCGCAGGCCTAACATTTATCCACTTAACCTTCTTACACGAAACCGGATCCAACAACCCTCTAGGCATTCCATCAAACTGCGATAAGATTCCATTCCACCCCTACTTCTCCTCAAAAGACATCCTAGGATTCATAACCATATTCCTTCCCCTCATATCTCTCGCTATATTCTCACCCAACCTACTAGGCGACCCAGAAAACTTCACACCTGCAAACCCACTAGTGACCCCTCCCCATATTAAACCTGAATGATACTTCCTATTTGCATACGCCATCCTACGATCTATTCCAAACAAACTAGGAGGCGTTCTTGCCCTCGCTGCCTCCGTCCTCATCCTATTCCTAATTCCTTTCCTACACAAATCGAAACAACGAACAATAACCTTCCGACCCCTTTCCCAACTCATATTCTGAATCCTCGTATCTAACCTTCTAATCCTCACATGAGTAGGAAGCCAACCAGTAGAACACCCATTTATCATCATCGGTCAACTAGCCTCACTCACATACTTCACAATTATCCTAGTTCTATTCCCAATTGCCGGAGCCCTAGAGAACAAAATACTTAATCTC
AFMTDNA681,KT869804,Rhopias gularis,cytb,"Estacao Biologica Boraceia, Salesopolis, SP",ebb,-45.88963,-23.6542,GCGATACACTACACAGCAGACACCACCCTAGCCTTCACATCAGTCGCCCATACCTGCCGAAACGTCCAATATGGCTGATTAATCCGAAACCTTCATGCAAACGGAGCTTCCATGTTTTTCATCTGCATCTACCTTCACATTGGACGAGGCCTATACTATGGCTCTTACCTATATAAAGAAACCTGAAATACAGGAATTATCCTACTACTAACTCTCATAGCAACAGCCTTCGTAGGATACGTCCTCCCCTGAGGGCAAATATCATTTTGAGGAGCAACCGTCATCACCAACCTATTTTCAGCCATCCCTTACATCGGACAAACAATCGTAGAATGGGCCTGAGGAGGATTTTCAGTCGACAATCCTACTCTTACACGATTCTTCGCTCTCCACTTTCTTCTCCCTTTTGTCATCGCAGGCCTAACATTTATCCACTTAACCTTCTTACACGAAACCGGATCCAACAACCCTCTAGGCATTCCATCAAACTGCGATAAGATTCCATTCCACCCCTACTTCTCCTCAAAAGACATCCTAGGATTCATAACCATATTCCTTCCCCTCATATCTCTCGCTATATTCTCACCCAACCTACTAGGCGACCCAGAAAACTTCACACCTGCAAACCCACTAGTGACCCCTCCCCATATTAAACCTGAATGATACTTCCTATTTGCATACGCCATCCTACGATCTATTCCAAACAAACTAGGAGGCGTTCTTGCCCTCGCTGCCTCCGTCCTCATCCTATTCCTAATTCCTTTCCTACACAAATCGAAACAACGAACAATAACCTTCCGACCCCTTTCCCAACTCATATTCTGAATCCTCGTATCTAACCTTCTAATCCTCACATGAGTAGGAAGCCAACCAGTAGAACACCCATTTATCATCATCGGTCAACTAGCCTCACTCACATACTTCACAATTATCCTAGTTCTATTCCCAATTGCCGGAGCCCTAGAGAACAAAATACTTAATCTC
AFMTDNA682,KT869805,Rhopias gularis,cytb,"Estacao Biologica Boraceia, Salesopolis, SP",ebb,-45.88963,-23.6542,CCCAAATTGCCACCGGCCTATTAATAGCGATACACTACACAGCAGACACCACCCTAGCCTTCACATCAGTCGCCCATACCTGCCGAAACGTCCAATATGGCTGATTAATCCGAAACCTTCATGCAAACGGAGCTTCCATGTTTTTCATCTGCATCTACCTTCACATTGGACGAGGCCTATACTATGGCTCTTACCTATATAAAGAAACCTGAAATACAGGAATTATCCTACTACTAACTCTCATAGCAACAGCCTTCGTAGGATACGTCCTCCCCTGAGGGCAAATATCATTTTGAGGAGCAACCGTCATCACCAACCTATTTTCAGCCATCCCTTACATCGGACAAACAATCGTAGAATGGGCCTGAGGAGGATTTTCAGTCGACAATCCTACTCTTACACGATTCTTCGCTCTCCACTTTCTTCTCCCTTTTGTCATCGCAGGCCTAACATTTATCCACTTAACCTTCTTACACGAAACCGGATCCAACAACCCTCTAGGCATTCCATCAAACTGCGATAAGATTCCATTCCACCCCTACTTCTCCTCAAAAGACATCCTAGGATTCATAACCATATTCCTTCCCCTCATATCTCTCGCTATATTCTCACCCAACCTACTAGGCGACCCAGAAAACTTCACACCTGCAAACCCACTAGTGACCCCTCCCCATATTAAACCTGAATGATACTTCCTATTTGCATACGCCATCCTACGATCTATTCCAAACAAACTAGGAGGCGTTCTTGCCCTCGCTGCCTCCGTCCTCATCCTATTCCTAATTCCTTTCCTACACAAATCGAAACAACGAACAATAACCTTCCGACCCCTTTCCCAACTCATATTCTGAATCCTCGTATCTAACCTTCTAATCCTCACATGAGTAGGAAGCCAACCAGTAGAACACCCATTTATCATCATCGGTCAACTAGCCTCACTCACATACTTCACAATTATCCTAGTTCTATTCCCAATTGCCGGAGCCCTAGAGAACAAAATACTTAATCTC
AFMTDNA683,KT869806,Rhopias gularis,cytb,"Estacao Biologica Boraceia, Salesopolis, SP",ebb,-45.88963,-23.6542,CCCAAATTGCCACCGGCCTATTAATAGCGATACACTACACAGCAGACACCACCCTAGCCTTCACATCAGTCGCCCATACCTGCCGAAACGTCCAATATGGCTGATTAATCCGAAACCTTCATGCAAACGGAGCTTCCATGTTTTTCATCTGCATCTACCTTCACATTGGACGAGGCCTATACTATGGCTCTTACCTATATAAAGAAACCTGAAATACAGGAATTATCCTACTACTAACTCTCATAGCAACAGCCTTCGTAGGATACGTCCTCCCCTGAGGGCAAATATCATTTTGAGGAGCAACCGTCATCACCAACCTATTTTCAGCCATCCCTTACATCGGACAAACAATCGTAGAATGGGCCTGAGGAGGATTTTCAGTCGACAATCCTACTCTTACACGATTCTTCGCTCTCCACTTTCTTCTCCCTTTTGTCATCGCAGGCCTAACATTTATCCACTTAACCTTCTTACACGAAACCGGATCCAACAACCCTCTAGGCATTCCATCAAACTGCGATAAAATTCCATTCCACCCCTACTTCTCCTCAAAAGACATCCTAGGATTCATAACCATATTCCTTCCCCTCATATCTCTCGCTATATTCTCACCCAACCTACTAGGCGACCCAGAAAACTTCACACCTGCAAACCCACTAGTGACCCCTCCCCATATTAAACCTGAATGATACTTCCTATTTGCATACGCCATCCTACGATCTATTCCAAACAAACTAGGAGGCGTTCTTGCCCTCGCTGCCTCCGTCCTCATCCTATTCCTAATTCCTTTCCTACACAAATCGAAACAACGAACAATAACCTTCCGACCCCTTTCCCAACTCATATTCTGAATCCTCGTATCTAACCTTCTAATCCTCACATGAGTAGGAAGCCAACCAGTAGAACACCCATTTATCATCATCGGTCAACTAGCCTCACTCACATACTTCACAATTATCCTAGTTCTATTCCCAATTGCCGGAGCCCTAGAGAACAAAATACTTAATCT
AFMTDNA684,KT869807,Rhopias gularis,cytb,"Estacao Biologica Boraceia, Salesopolis, SP",ebb,-45.88963,-23.6542,CCCAAATTGCCACCGGCCTATTAATAGCGATACACTACACAGCAGACACCACCCTAGCCTTCACATCAGTCGCCCATACCTGCCGAAACGTCCAATATGGCTGATTAATCCGAAACCTTCATGCAAACGGAGCTTCCATGTTTTTCATCTGCATCTACCTTCACATTGGACGAGGCCTATACTATGGCTCTTACCTATATAAAGAAACCTGAAATACAGGAATTATCCTACTACTAACTCTCATAGCAACAGCCTTCGTAGGATACGTCCTCCCCTGAGGGCAAATATCATTTTGAGGAGCAACCGTCATCACCAACCTATTTTCAGCCATCCCTTACATCGGACAAACAATCGTAGAATGGGCCTGAGGAGGATTTTCAGTCGACAATCCTACTCTTACACGATTCTTCGCTCTCCACTTTCTTCTCCCTTTTGTCATCGCAGGCCTAACATTTATCCACTTAACCTTCTTACACGAAACCGGATCCAACAACCCTCTAGGCATTCCATCAAACTGCGATAAGATTCCATTCCACCCCTACTTCTCCTCAAAAGACATCCTAGGATTCATAACCATATTCCTTCCCCTCATATCTCTCGCTATATTCTCACCCAACCTACTAGGCGACCCAGAAAACTTCACACCTGCAAACCCACTAGTGACCCCTCCCCATATTAAACCTGAATGATACTTCCTATTTGCATACGCCATCCTACGATCTATTCCAAACAAACTAGGAGGCGTTCTTGCCCTCGCTGCCTCCGTCCTCATCCTATTCCTAATTCCTTTCCTACACAAATCGAAACAACGAACAATAACCTTCCGACCCCTTTCCCAACTCATATTCTGAATCCTCGTATCTAACCTTCTAATCCTCACATGAGTAGGAAGCCAACCAGTAGAACACCCATTTATCATCATCGGTCAACTAGCCTCACTCACATACTTCACAATTATCCTAGTTCTATTCCCAATTGCCGGAGCCCTAGAGAACAAAATACTTAATCT
AFMTDNA685,KT869852,Rhopias gularis,cytb,"Estacao Biologica Boraceia, Salesopolis, SP",ebb,-45.88963,-23.6542,TTGCCACCGGCCTATTAATAGCGATACACTACACAGCAGACACCACCCTAGCCTTCACATCAGTCGCCCATACCTGCCGAAACGTCCAATATGGCTGATTAATCCGAAACCTTCATGCAAACGGAGCTTCCATGTTTTTCATCTGCATCTACCTTCACATTGGACGAGGCCTATACTATGGCTCTTACCTATATAAAGAAACCTGAAATACAGGAATTATCCTACTACTAACTCTCATAGCAACAGCCTTCGTAGGATACGTCCTCCCCTGAGGGCAAATATCATTTTGAGGAGCAACCGTCATCACCAACCTATTTTCAGCCATCCCTTACATCGGACAAACAATCGTAGAATGGGCCTGAGGAGGATTTTCAGTCGACAATCCTACTCTTACACGATTCTTCGCTCTCCACTTTCTTCTCCCTTTTGTCATCGCAGGCCTAACATTTATCCACTTAACCTTCTTACACGAAACCGGATCCAACAACCCTCTAGGCATTCCATCAAACTGCGATAAGATTCCATTCCACCCCTACTTCTCCTCAAAAGACATCCTAGGATTCATAACCATATTCCTTCCCCTCATATCTCTCGCTATATTCTCACCCAACCTACTAGGCGACCCAGAAAACTTCACACCTGCAAACCCACTAGTGACCCCTCCCCATATTAAACCTGAATGATACTTCCTATTTGCATACGCCATCCTACGATCTATTCCAAACAAACTAGGAGGCGTTCTTGCCCTCGCTGCCTCCGTCCTCATCCTATTCCTAATTCCTTTCCTACACAAATCGAAACAACGAACAATAACCTTCCGACCCCTTTCCCAACTCATATTCTGAATCCTCGTATCTAACCTTCTAATCCTCACATGAGTAGGAAGCCAACCAGTAGAACACCCATTTATCATCATCGGTCAACTAGCCTCACTCACATACTTCACAATTATCCTAGTTCTATTCCCAATTGCCGGAGCCCTAGAGAACAAAATACTTAA
AFMTDNA686,KT869853,Rhopias gularis,cytb,"Estacao Biologica Boraceia, Salesopolis, SP",ebb,-45.88963,-23.6542,CCCAAATTGCCACCGGCCTATTAATAGCGATACACTACACAGCAGACACCACCCTAGCCTTCACATCAGTCGCCCATACCTGCCGAAACGTCCAATATGGCTGATTAATCCGAAACCTTCATGCAAACGGAGCTTCCATGTTTTTCATCTGCATCTACCTTCACATTGGACGAGGCCTATACTATGGCTCTTACCTATATAAAGAAACCTGAAATACAGGAATTATCCTACTACTAACTCTCATAGCAACAGCCTTCGTAGGATACGTCCTCCCCTGAGGGCAAATATCATTTTGAGGAGCAACCGTCATCACCAACCTATTTTCAGCCATCCCTTACATCGGACAAACAATCGTAGAATGGGCCTGAGGAGGATTTTCAGTCGACAATCCTACTCTTACACGATTCTTCGCTCTCCACTTTCTTCTCCCTTTTGTCATCGCAGGCCTAACACTTATCCACTTAACCTTCTTACACGAAACCGGATCCAACAACCCTCTAGGCATTCCATCAAACTGCGATAAGATTCCATTCCACCCCTACTTCTCCTCAAAAGACATCCTAGGATTCATAACCATATTCCTTCCCCTCATATCTCTCGCTATATTCTCACCCAACCTACTAGGCGACCCAGAAAACTTCACACCTGCAAACCCACTAGTGACCCCTCCCCATATTAAACCTGAATGATACTTCCTATTTGCATACGCCATCCTACGATCTATTCCAAACAAACTAGGAGGCGTTCTTGCCCTCGCTGCCTCCGTCCTCATCCTATTCCTAATTCCTTTCCTACACAAATCGAAACAACGAACAATAACCTTCCGACCCCTTTCCCAACTCATATTCTGAATCCTCGTATCTAACCTTCTAATCCTCACATGAGTAGGAAGCCAACCAGTAGAACACCCATTTATCATCATCGGTCAACTAGCCTCACTCACATACTTCACAATTATCCTAGTTCTATTCCCAATTGCCGGAGCCCTAGAGAACAAAATACTTAA
AFMTDNA687,KT869854,Rhopias gularis,cytb,"Estacao Biologica Boraceia, Salesopolis, SP",ebb,-45.88963,-23.6542,CCCAAATTGCCACCGGCCTATTAATAGCGATACACTACACAGCAGACACCACCCTAGCCTTCACATCAGTCGCCCATACCTGCCGAAACGTCCAATATGGCTGATTAATCCGAAACCTTCATGCAAACGGAGCTTCCATGTTTTTCATCTGCATCTACCTTCACATTGGACGAGGCCTATACTATGGCTCTTACCTATATAAAGAAACCTGAAATACAGGAATTATCCTACTACTAACTCTCATAGCAACAGCCTTCGTAGGATACGTCCTCCCCTGAGGGCAAATATCATTTTGAGGAGCAACCGTCATCACCAACCTATTTTCAGCCATCCCTTACATCGGACAAACAATCGTAGAATGGGCCTGAGGAGGATTTTCAGTCGACAATCCTACTCTTACACGATTCTTCGCTCTCCACTTTCTTCTCCCTTTTGTCATCGCAGGCCTAACATTTATCCACTTAACCTTCTTACACGAAACCGGATCCAACAACCCTCTAGGCATTCCATCAAACTGCGATAAGATTCCATTCCACCCCTACTTCTCCTCAAAAGACATCCTAGGATTCATAACCATATTCCTTCCCCTCATATCTCTCGCTATATTCTCACCCAACCTACTAGGCGACCCAGAAAACTTCACACCTGCAAACCCACTAGTGACCCCTCCCCATATTAAACCTGAATGATACTTCCTATTTGCATACGCCATCCTACGATCTATTCCAAACAAACTAGGAGGCGTTCTTGCCCTCGCTGCCTCCGTCCTCATCCTATTCCTAATTCCTTTCCTACACAAATCGAAACAACGAACAATAACCTTCCGACCCCTTTCCCAACTCATATTCTGAATCCTCGTATCTAACCTTCTAATCCTCACATGAGTAGGAAGCCAACCAGTAGAACACCCATTTATCATCATCGGTCAACTAGCCTCACTCACATACTTCACAATTATCCTAGTTCTATTCCCAATTGCCGGAGCCCTAGAGAACAAAATACTTAATCT
AFMTDNA688,KT869797,Rhopias gularis,cytb,"Piedade, SP",piedade,-47.32722,-23.7767,TTGCCACCGGCCTATTAATAGCGATACACTACACAGCAGACACCACCCTAGCCTTCACATCAGTCGCCCATACCTGCCGAAACGTCCAATATGGCTGATTAATCCGAAACCTTCATGCAAACGGAGCTTCCATGTTTTTCATCTGCATCTACCTTCACATTGGACGAGGCCTATACTATGGCTCTTACCTATATAAAGAAACCTGAAATACAGGAATTATCCTACTACTAACTCTCATAGCAACAGCCTTCGTAGGATACGTCCTCCCCTGAGGGCAAATATCATTTTGAGGAGCAACCGTCATCACCAACCTATTTTCAGCCATCCCTTACATCGGACAAACAATCGTAGAATGGGCCTGAGGAGGATTTTCAGTCGACAATCCTACTCTTACACGATTCTTCGCTCTCCACTTTCTTCTCCCTTTTGTCATCGCAGGCCTAACATTTATCCACTTAACCTTCTTACACGAAACCGGATCCAACAACCCTCTAGGCATTCCATCAAACTGCGATAAGATTCCATTCCACCCCTACTTCTCCTCAAAAGACATCCTAGGATTCATAACCATATTCCTTCCCCTCATATCTCTCGCTATATTCTCACCCAACCTACTAGGCGACCCAGAAAACTTCACACCTGCAAACCCACTAGTGACCCCTCCCCATATTAAACCTGAATGATACTTCCTATTTGCATACGCCATCCTACGATCTATTCCAAACAAACTAGGAGGCGTTCTTGCCCTCGCTGCCTCCGTCCTCATCCTATTCCTAATTCCTTTCCTACACAAATCGAAACAACGAACAATAACCTTCCGACCCCTTTCCCAACTCATATTCTGAATCCTCGTATCTAACCTTCTAATCCTCACATGAGTAGGAAGCCAACCAGTAGAACACCCATTTATCATCATCGGTCAACTAGCCTCACTCACATACTTCACAATTATCCTNNNNNTATTCCCAATTGCCGGAGCCCTAGAGAACAAAATACTTAA
AFMTDNA689,KT869837,Rhopias gularis,cytb,"Parque Estadual Serra do Mar, Nucleo Curucutu, SP",serra_mar,-46.72083,-23.9553,TGCCACCGGCCTATTAATAGCGATACACTACACAGCAGACACCACCCTAGCCTTCACATCAGTCGCCCATACCTGCCGAAACGTCCAATATGGCTGATTAATCCGAAACCTTCATGCAAACGGAGCTTCCATGTTTTTCATCTGCATCTACCTTCACATTGGACGAGGCCTATACTATGGCTCTTACCTATATAAAGAAACCTGAAATACAGGAATTATCCTACTACTAACTCTCATAGCAACAGCCTTCGTAGGATACGTCCTCCCCTGAGGGCAAATATCATTTTGAGGAGCAACCGTCATCACCAACCTATTTTCAGCCATCCCTTACATCGGACAAACAATCGTAGAATGGGCCTGAGGAGGATTTTCAGTCGACAATCCTACTCTTACACGATTCTTCGCTCTCCACTTTCTTCTCCCTTTTGTCATCGCAGGCCTAACATTTATCCACTTAACCTTCTTACACGAAACCGGATCCAACAACCCTCTAGGCATTCCATCAAACTGCGATAAGATTCCATTCCACCCCTACTTCTCCTCAAAAGACATCCTAGGATTCATAACCATATTCCTTCCCCTCATATCTCTCGCTATATTCTCACCCAACCTACTAGGCGACCCAGAAAACTTCACACCTGCAAACCCACTAGTGACCCCTCCCCATATTAAACCTGAATGATACTTCCTATTTGCATACGCCATCCTACGATCTATTCCAAACAAACTAGGAGGCGTTCTTGCCCTCACTGCCTCCGTCCTCATCCTATTCCTAATTCCTTTCCTACACAAATCGAAACAACGAACAATAACCTTCCGACCCCTTTCCCAACTCATATTNTGAATCCTCGTATCTAACCTTCTAATCCTCACATGAGTAGGAAGCCAACCAGTAGAACACCCATTTATCATCATCGGCCAACTAGCCTCACTCACATACTTCACAATTATCCTAGTTCTATTCCCAATTGCCGGAGCCCTAGAGAACAAAATACTTAA
AFMTDNA690,KT869844,Rhopias gularis,cytb,"Parque Estadual Serra do Mar, Nucleo Curucutu, SP",serra_mar,-46.72083,-23.9553,CCCAAATTGCCACCGGCCTATTAATAGCGATACACTACACAGCAGACACCACCCTAGCCTTCACATCAGTCGCCCATACCTGCCGAAACGTCCAATATGGCTGATTAATCCGAAACCTTCATGCAAACGGAGCTTCCATGTTTTTCATCTGCATCTACCTTCACATTGGACGAGGCCTATACTATGGCTCTTACCTATATAAAGAAACCTGAAATACAGGAATTATCCTACTACTAACTCTCATAGCAACAGCCTTCGTAGGATACGTCCTCCCCTGAGGGCAAATATCATTTTGAGGAGCAACCGTCATCACCAACCTATTTTCAGCCATCCCTTACATCGGACAAACAATCGTAGAATGGGCCTGAGGAGGATTTTCAGTCGACAATCCTACTCTTACACGATTCTTCGCTCTCCACTTTCTTCTCCCTTTTGTCATCGCAGGCCTAACATTTATCCACTTAACCTTCTTACACGAAACCGGATCCAACAACCCTCTAGGCATTCCATCAAACTGCGATAAGATTCCATTCCACCCCTACTTCTCCTCAAAAGACATCCTAGGATTCATAACCATATTCCTTCCCCTCATATCTCTCGCTATATTCTCACCCAACCTACTAGGCGACCCAGAAAACTTCACACCTGCAAACCCACTAGTGACCCCTCCCCATATTAAACCTGAATGATACTTCCTATTTGCATACGCCATCCTACGATCTATTCCAAACAAACTAGGAGGCGTTCTTGCCCTCGCTGCCTCCGTCCTCATCCTATTCCTAATTCCTTTCCTACACAAATCGAAACAACGAACAATAACCTTCCGACCCCTTTCCCAACTCATATTCTGAATCCTCGTATCTAACCTTCTAATCCTCACATGAGTAGGAAGCCAACCAGTAGAACACCCATTTATCATCATCGGTCAACTAGCCTCACTCACATACTTCACAATTATCCTAGTTCTATTCCCAATTGCCGGAGCCCTAGAGAACAAAATACTTAAT
AFMTDNA693,KT869845,Rhopias gularis,cytb,"Parque Estadual Serra do Mar, Nucleo Curucutu, SP",serra_mar,-46.72083,-23.9553,TTGCCACCGGCCTATTAATAGCGATACACTACACAGCAGACACCACCCTAGCCTTCACATCAGTCGCCCATACCTGCCGAAACGTCCAATATGGCTGATTAATCCGAAACCTTCATGCAAACGGAGCTTCCATGTTTTTCATCTGCATCTACCTTCACATTGGACGAGGCCTATACTATGGCTCTTACCTATATAAAGAAACCTGAAATACAGGAATTATCCTACTACTAANTCTCATAGCAACAGCCTTCGTAGGATACGTCCTCCCCTGAGGGCAAATATCATTTTGAGGAGCAACCGTCATCACCAACCTATTTTCAGCCATCCCTTACATCGGACAAACAATCGTAGAATGGGCCTGAGGAGGATTTTCAGTCGACAATCCTACTCTTACACGATTCTTCGCTCTCCACTTTCTTCTCCCTTTTGTCATCGCAGGCCTAACATTTATCCACTTAACCTTCTTACACGAAACCGGATCCAACAACCCTCTAGGCATTCCATCAAACTGCGATAAGATTCCATTCCACCCCTACTTCTCCTCAAAAGACATCCTAGGATTCATAACCATATTCCTTCCCCTCATATCTCTCGCTATATTCTCACCCAACCTACTAGGCGACCCAGAAAACTTCACACCTGCAAACCCACTAGTGACCCCTCCCCATATTAAACCTGAATGATACTTCCTATTTGCATACGCCATCCTACGATCTATTCCAAACAAACTAGGAGGCGTTCTTGCCCTCACTGCCTCCGTCCTCATCCTATTCCTAATTCCTTTCCTACACAAATCGAAACAACGAACAATAACCTTCCGACCCCTTTCCCAACTCATATTCTGAATCCTCGTATCTAACCTTCTAATCCTCACATGAGTAGGAAGCCAACCAGTAGAACACCCATTTATCATCATCGGCCAACTAGCCTCACTCACATACTTCACAATTATCCTAGTTCTATTCCCAATTGCCGGAGCCCTAGAGAACAAAATACTTAA
AFMTDNA694,KT869846,Rhopias gularis,cytb,"Parque Estadual Serra do Mar, Nucleo Curucutu, SP",serra_mar,-46.72083,-23.9553,TTGCCACCGGCCTATTAATAGCGATACACTACACAGCAGACACCACCCTAGCCTTCACATCAGTCGCCCATACCTGCCGAAACGTCCAATATGGCTGATTAATCCGAAACCTTCATGCAAACGGAGCTTCCATGTTTTTCATCTGCATCTACCTTCACATTGGACGAGGCCTATACTATGGCTCTTACCTATATAAAGAAACCTGAAATACAGGAATTATCCTACTACTAACTCTCATAGCAACAGCCTTCGTAGGATACGTCCTCCCCTGAGGACAAATATCATTTTGAGGAGCAACCGTCATCACCAACCTATTTTCAGCCATCCCTTACATCGGACAAACAATCGTAGAATGGGCCTGAGGAGGATTTTCAGTCGACAATCCTACTCTTACACGATTCTTCGCTCTCCACTTTCTTCTCCCTTTTGTCATCGCAGGCCTAACATTTATCCACTTAACCTTCTTACACGAAACCGGATCCAACAACCCTCTAGGCATTCCATCAAACTGCGATAAGATTCCATTCCACCCCTACTTCTCCTCAAAAGACATCCTAGGATTCATAACCATATTCCTTCCCCTCATATCTCTCGCTATATTCTCACCCAACCTACTAGGCGACCCAGAAAACTTCACACCTGCAAACCCACTAGTGACCCCTCCCCATATTAAACCTGAATGATACTTCCTATTTGCATACGCCATCCTACGATCTATTCCAAACAAACTAGGAGGCGTTCTTGCCCTCGCTGCCTCCGTCCTCATCCTATTCCTAATTCCTTTCCTACACAAATCGAAACAACGAACAATAACCTTCCGACCCCTTTCCCAACTCATATTCTGAATCCTCGTATCTAACCTTCTAATCCTCACATGAGTAGGAAGCCAACCAGTAGAACACCCATTTATCATCATCGGTCAACTAGCCTCACTCACATACTTCACAATTATCCTAGTTCTATTCCCAATTGCCGGAGCCCTAGAGAACAAAATACTTAA
AFMTDNA695,KT869847,Rhopias gularis,cytb,"Parque Estadual Serra do Mar, Nucleo Curucutu, SP",serra_mar,-46.72083,-23.9553,CCCAAATTGCCACCGGCCTATTAATAGCGATACACTACACAGCAGACACCACCCTAGCCTTCACATCAGTCGCCCATACCTGCCGAAACGTCCAATATGGCTGATTAATCCGAAACCTTCATGCAAACGGAGCTTCCATGTTTTTCATCTGCATCTACCTTCACATTGGACGAGGCCTATACTATGGCTCTTACCTATATAAAGAAACCTGAAATACAGGAATTATCCTACTACTAACTCTCATAGCAACAGCCTTCGTAGGATACGTCCTCCCCTGAGGGCAAATATCATTTTGAGGAGCAACCGTCATCACCAACCTATTTTCAGCCATCCCTTACATCGGACAAACAATCGTAGAATGGGCCTGAGGAGGATTTTCAGTCGACAATCCTACTCTTACACGATTCTTCGCTCTCCACTTTCTTCTCCCTTTTGTCATCGCAGGCCTAACATTTATCCACTTAACCTTCTTACACGAAACCGGATCCAACAACCCTCTAGGCATTCCATCAAACTGCGATAAGATTCCATTCCACCCCTACTTCTCCTCAAAAGACATCCTAGGATTCATAACCATATTCCTTCCCCTCATATCTCTCGCTATATTCTCACCCAACCTACTAGGCGACCCAGAAAACTTCACACCTGCAAACCCACTAGTGACCCCTCCCCATATTAAACCTGAATGATACTTCCTATTTGCATACGCCATCCTACGATCTATTCCAAACAAACTAGGAGGCGTTCTTGCCCTCGCTGCCTCCGTCCTCATCCTATTCCTAATTCCTTTCCTACACAAATCGAAACAACGAACAATAACCTTCCGACCCCTTTCCCAACTCATATTCTGAATCCTCGTATCTAACCTTCTAATCCTCACATGAGTAGGAAGCCAACCAGTAGAACACCCATTTATCATCATCGGTCAACTAGCCTCACTCACATACTTCACAATTATCCTAGTTCTATTCCCAATTGCCGGAGCCCTAGAGAACAAAATACTTAA
AFMTDNA696,KT869848,Rhopias gularis,cytb,"Parque Estadual Serra do Mar, Nucleo Curucutu, SP",serra_mar,-46.72083,-23.9553,TTGCCACCGGCCTATTAATAGCGATACACTACACAGCAGACACCACCCTAGCCTTCACATCAGTCGCCCATACCTGCCGAAACGTCCAATATGGCTGATTAATCCGAAACCTTCATGCAAACGGAGCTTCCATGTTTTTCATCTGCATCTACCTTCACATTGGACGAGGCCTATACTATGGCTCTTACCTATATAAAGAAACCTGAAATACAGGAATTATCCTACTACTAACTCTCATAGCAACAGCCTTCGTAGGATACGTCCTCCCCTGAGGGCAAATATCATTTTGAGGAGCAACCGTCATCACCAACCTATTTTCAGCCATCCCTTACATCGGACAAACAATCGTAGAATGGGCCTGAGGAGGATTTTCAGTCGACAATCCTACTCTTACACGATTCTTCGCTCTCCACTTTCTTCTCCCTTTTGTCATCGCAGGCCTAACATTTATCCACTTAACCTTCTTACACGAAACCGGATCCAACAACCCTCTAGGCATTCCATCAAACTGCGATAAGATTCCATTCCACCCCTACTTCTCCTCAAAAGACATCCTAGGATTCATAACCATATTCCTTCCCCTCATATCTCTCGCTATATTCTCACCCAACCTACTAGGCGACCCAGAAAACTTCACACCTGCAAACCCACTAGTGACCCCTCCCCATATTAAACCTGAATGATACTTCCTATTTGCATACGCCATCCTACGATCTATTCCAAACAAACTAGGAGGCGTTCTTGCCCTCGCTGCCTCCGTCCTCATCCTATTCCTAATTCCTTTCCTACACAAATCGAAACAACGAACAATAACCTTCCGACCCCTTTCCCAACTCATATTCTGAATCCTCGTATCTAACCTTCTAATCCTCACATGAGTAGGAAGCCAACCAGTAGAACACCCATTTATCATCATCGGTCAACTAGCCTCACTCACATACTTCACAATTATCCTAGTTNTATTCCCAATTGCCGGAGCCCTAGAGAACAAAATACTTAA
AFMTDNA697,KT869849,Rhopias gularis,cytb,"Parque Estadual Serra do Mar, Nucleo Curucutu, SP",serra_mar,-46.72083,-23.9553,CCCAAATTGCCACCGGCCTATTAATAGCGATACACTACACAGCAGACACCACCCTAGCCTTCACATCAGTCGCCCATACCTGCCGAAACGTCCAATATGGCTGATTAATCCGAAACCTTCATGCAAACGGAGCTTCCATGTTTTTCATCTGCATCTACCTTCACATTGGACGAGGCCTATACTATGGCTCTTACCTATATAAAGAAACCTGAAATACAGGAATTATCCTACTACTAACTCTCATAGCAACAGCCTTCGTAGGATACGTCCTCCCCTGAGGGCAAATATNATTTTGAGGAGCAACCGTCATCACCAACCTATTTTCAGCCNTCCCTTACATCGGACAAACAATCGTAGAANGGGCCTGAGGAGGATTTTCAGTCGACAATCCTACTCTTACACGATTCTTCGCTCTCCACTTTCTTCTCCCTTTTGTCATCGCAGGCCTAACATTTATCCACTTAACCTTCTTACACGAAACCGGATCCAACAACCCTCTAGGCATTCCATCTAACTGCGATAAGATTCCATTCCACCCCTACTTCTCCTCAAAAGACATCCTAGGATTCATAACCATATTCCTTCCCCTCATATCTCTCGCTATATTCTCACCCAACCTACTAGGCGACCCAGAAAACTTCACACCTGCAAACCCACTAGTGACCCCTCCCCATATTAAACCTGAATGATACTTCCTATTTGCATACGCCATCCTACGATCTATTCCAAACAAACTAGGAGGCGTTCTTGCCCTCGCTGCCTCCGTCCTCATCCTATTCCTAATTCCTTTCCTACACAAATCGAAACAACGAACAATAACCTTCCGACCCCTTTCCCAACTCATATTCTGAATCCTCGTATCTAACCTTCTAATCCTCACATGAGTAGGAAGCCAACCAGTAGAACACCCATTTATCATCATCGGTCAACTAGCCTCACTCACATACTTCACAATTATCCTAGTTCTATTCCCAATTGCCGGAGCCCTAGAGAACAAAATACTTAAT
AFMTDNA698,KT869850,Rhopias gularis,cytb,"Parque Estadual Serra do Mar, Nucleo Curucutu, SP",serra_mar,-46.72083,-23.9553,CCCAAATTGCCACCGGCCTATTAATAGCGATACACTACACAGCAGACACCACCCTAGCCTTCACATCAGTCGCCCATACCTGCCGAAACGTCCAATATGGCTGATTAATCCGAAACCTTCATGCAAACGGAGCTTCCATGTTTTTCATCTGCATCTACCTTCACATTGGACGAGGCCTATACTATGGCTCTTACCTATATAAAGAAACCTGAAATACAGGAATTATCCTACTACTAACTCTCATAGCAACAGCCTTCGTAGGATACGTCCTCCCCTGAGGGCAAATATCATTTTGAGGAGCAACCGTCATCACCAACCTATTTTCAGCCNTCCCTTACATCGGACAAACAATCGTAGAATGGGCCTGAGGAGGATTTTCAGTCGACAATCCTACTCTTACACGATTCTTCGCTCTCCACTTTCTTCTCCCTTTTGTCATCGCAGGCCTAACATTTATCCACTTAACCTTCTTACACGAAACCGGATCCAACAACCCTCTAGGCATTCCATCAAACTGCGATAAGATTCCATTCCACCCCTACTTCTCCTCAAAAGACATCCTAGGATTCATAACCATATTCCTTCCCCTCATATCTCTCGCTATATTCTCACCCAACCTACTAGGCGACCCAGAAAACTTCACACCTGCAAACCCACTAGTGACCCCTCCCCATATTAAACCTGAATGATACTTCCTATTTGCATACGCCATCCTACGATCTATTCCAAACAAACTAGGAGGCGTTCTTGCCCTCGCTGCCTCCGTCCTCATCCTATTCCTAATTCCTTTCCTACACAAATCGAAACAACGAACAATAACCTTCCGACCCCTTTCCCAACTCATATTCTGAATCCTCGTATCTAACCTTCTAATCCTCACATGAGTAGGAAGCCAACCAGTAGAACACCCATTTATCATCATCGGTCAACTAGCCTCACTCACATACTTCACAATTATCCTAGTTCTATTCCCAATTGCCGGAGCCCTAGAGAACAAAATACTTAAT
AFMTDNA699,KT869851,Rhopias gularis,cytb,"Parque Estadual Serra do Mar, Nucleo Curucutu, SP",serra_mar,-46.72083,-23.9553,AAATTGCCACCGGCCTATTAATAGCGATACACTACACAGCAGACACCACCCTAGCCTTCACATCAGTCGCCCATACCTGCCGAAACGTCCAATATGGCTGATTAATCCGAAACCTTCATGCAAACGGAGCTTCCATGTTTTTCATCTGCATCTACCTTCACATTGGACGAGGCCTATACTATGGCTCTTACCTATATAAAGAAACCTGAAATACAGGAATTATCCTACTACTAACTCTCATAGCAACAGCCTTCGTAGGATACGTCCTCCCCTGAGGGCAAATATCATTTTGAGGAGCAACCGTCATCACCAACCTATTTTCAGCCATCCCTTACATCGGACAAACAATCGTAGAANGGGCCTGAGGAGGATTTTCAGTCGACAATCCTACTCTTACACGATTCTTCGCTCTCCACTTTCTTCTCCCTTTTGTCATCGCAGGCCTAACATTTATCCACTTAACCTTCTTACACGAAACCGGATCCAACAACCCTCTAGGCATTCCATCAAACTGCGATAAGATTCCATTCCACCCCTACTTCTCCTCAAAAGACATCCTAGGATTCATAACCATATTCCTTCCCCTCATATCTCTCGCTATATTCTCACCCAACCTACTAGGCGACCCAGAAAACTTCACACCTGCAAACCCACTAGTGACCCCTCCCCATATTAAACCTGAATGATACTTCCTATTTGCATACGCCATCCTACGATCTATTCCAAACAAACTAGGAGGCGTTCTTGCCCTCGCTGCCTCCGTCCTCATCCTATTCCTAATTCCTTTCCTACACAAATCGAAACAACGAACAATAACCTTCCGACCCCTTTCCCAACTCATATTCTGAATCCTCGTATCTAACCTTCTAATCCTCACATGAGTAGGAAGCCAACCAGTAGAACACCCATTTATCATCATCGGTCAACTAGCCTCACTCACATACTTCACAATTATCCTAGTTCTATTCCCAATTGCCGGAGCCCTAGAGAACAAAATACTTAAT
AFMTDNA700,KT869798,Rhopias gularis,cytb,"Juquitiba, SP",juquitiba,-46.78333,-24.1833,CCCAAATTGCCACCGGCCTATTAATAGCGATACACTACACAGCAGACACCACCCTAGCCTTCACATCAGTCGCCCATACCTGCCGAAACGTCCAATATGGCTGATTAATCCGAAACCTTCATGCAAACGGAGCTTCCATGTTTNNCATCTGCATCTACCTTCACATTGGACGAGGCCTATACTATGGCTCTTACCTATATAAAGAAACCTGAAATACAGGAATTATCCTACTACTAACTCTCATAGCAACAGCCTTCGTAGGATACGTCCTCCCCTGAGGGCAAATATCATTTTGAGGAGCAACCGTCATCACCAACCTATTTTCAGCCATCCCTTACATCGGACAAACAATCGTAGAATGGGCCTGAGGAGGATTTTCAGTCGACAATCCTACTCTTACACGATTCTTCGCTCTCCACTTTCTTCTCCCTTTTGTCATCGCAGGCCTAACATTTATCCACTTAACCTTCTTACACGAAACCGGATCCAACAACCCTCTAGGCATTCCATCTAACTGCGATAAGATTCCATTCCACCCCTACTTCTCCTCAAAAGACATCCTAGGATTCATAACCATATTCCTTCCCCTCATATCTCTCGCTATATTCTCACCCAACCTACTAGGCGACCCAGAAAACTTCACACCTGCAAACCCACTAGTGACCCCTCCCCATATTAAACCTGAATGATACTTCCTATTTGCATACGCCATCCTACGATCTATTCCAAACAAACTAGGAGGCGTTCTTGCCCTCGCTGCCTCCGTCCTCATCCTATTCCTAATTCCTTTCCTACACAAATCGAAACAACGAACAATAACCTTCCGACCCCTTTCCCAACTCATATTCTGAATCCTCGTATCTAACCTTCTAATCCTCACATGAGTAGGAAGCCAACCAGTAGAACACCCATTTATCATCATCGGTCAACTAGCCTCACTCACATACTTCACAATTATCCTAGTTCTATTCCCAATTGCCGGAGCCCTAGAGAACAAAATACTTAATCT
AFMTDNA701,KT869799,Rhopias gularis,cytb,"Juquitiba, SP",juquitiba,-46.78333,-24.1833,CCCAAATTGCCACCGGCCTATTAATAGCGATACACTACACAGCAGACACCACCCTAGCCTTCACATCAGTCGCCCATACCTGCCGAAACGTCCAATATGGCTGATTAATCCGAAACCTTCATGCAAACGGAGCTTCCATGTTTTTCATCTGCATCTACCTTCACATTGGACGAGGCCTATACTATGGCTCTTACCTATATAAAGAAACCTGAAATACAGGAATTATCCTACTACTAACTCTCATAGCAACAGCCTTCGTAGGATACGTCCTCCCCTGAGGACAAATATCATTTTGAGGAGCAACCGTCATCACCAACCTATTTTCAGCCATCCCTTACATCGGACAAACAATCGTAGAATGGGCCTGAGGAGGATTTTCAGTCGACAATCCTACTCTTACACGATTCTTCGCTCTCCACTTTCTTCTCCCTTTTGTCATCGCAGGCCTAACATTTATCCACTTAACCTTCTTACACGAAACCGGATCCAACAACCCTCTAGGCATTCCATCAAACTGCGATAAGATTCCATTCCACCCCTACTTCTCCTCAAAAGACATCCTAGGATTCATAACCATATTCCTTCCCCTCATATCTCTCGCTATATTCTCACCCAACCTACTAGGCGACCCAGAAAACTTCACACCTGCAAACCCACTAGTGACCCCTCCCCATATTAAACCTGAATGATACTTCCTATTTGCATACGCCATCCTACGATCTATTCCAAACAAACTAGGAGGCGTTCTTGCCCTCGCTGCCTCCGTCCTCATCCTATTCCTAATTCCTTTCCTACACAAATCGAAACAACGAACAATAACCTTCCGACCCCTTTCCCAACTCATATTCTGAATCCTCGTATCTAACCTTCTAATCCTCACATGAGTAGGAAGCCAACCAGTAGAACACCCATTTATCATCATCGGTCAACTAGCCTCACTCACATACTTCACAATTATCCTAGTTCTATTCCCAATTGCCGGAGCCCTAGAGAACAAAATACTTAATCTC
AFMTDNA702,KT869802,Rhopias gularis,cytb,"Juquitiba, SP",juquitiba,-46.78333,-24.1833,CCCAAATTGCCACCGGCCTATTAATAGCGATACACTACACAGCAGACACCACCCTAGCCTTCACATCAGTCGCCCATACCTGCCGAAACGTCCAATATGGCTGATTAATCCGAAACCTTCATGCAAACGGAGCTTCCATGTTTTTCATCTGCATCTACCTTCACATTGGACGAGGCCTATACTATGGCTCTTACCTATATAAAGAAACCTGAAATACAGGAATTATCCTACTACTAACTCTCATAGCAACAGCCTTCGTAGGATACGTCCTCCCCTGAGGGCAAATATCATTTTGAGGAGCAACCGTCATCACCAACCTATTTTCAGCCATCCCTTACATCGGACAAACAATCGTAGAATGGGCCTGAGGAGGATTTTCAGTCGACAATCCTACTCTTACACGATTCTTCGCTCTCCACTTTCTTCTCCCTTTTGTCATCGCAGGCCTAACATTTATCCACTTAACCTTCTTACACGAAACCGGATCCAACAACCCTCTAGGCATTCCATCAAACTGCGATAAGATTCCATTCCACCCCTACTTCTCCTCAAAAGACATCCTAGGATTCATAACCATATTCCTTCCCCTCATATCTCTCGCTATATTCTCACCCAACCTACTAGGCGACCCAGAAAACTTCACACCTGCAAACCCACTAGTGACCCCTCCCCATATTAAACCTGAATGATACTTCCTATTTGCATACGCCATCCTACGATCTATTCCAAACAAACTAGGAGGCGTTCTTGCCCTCGCTGCCTCCGTCCTCATCCTATTCCTAATTCCTTTCCTACACAAATCGAAACAACGAACAATAACCTTCCGACCCCTTTCCCAACTCATATTCTGAATCCTCGTATCTAACCTTCTAATCCTCACATGAGTAGGAAGCCAACCAGTAGAACACCCATTTATCATCATCGGTCAACTAGCCTCACTCACATACTTCACAATTATCCTAGTTCTATTCCCAATTGCCGGAGCCCTAGAGAACAAAATACTTAATCTC
AFMTDNA703,KT869800,Rhopias gularis,cytb,"Parque Estadual Turıstico Alto do Ribeira, Nucleo Caboclos, SP",nucleo_caboclos,-48.53333,-24.5333,CCCAAATTGCCACCGGCCTATTAATAGCGATACACTACACAGCAGACACCACCCTAGCCTTCACATCAGTCGCCCATACCTGCCGAAACGTCCAATATGGCTGATTAATCCGAAACCTTCATGCAAACGGAGCTTCCATGTTTTTCATCTGCATCTACCTTCACATTGGACGAGGCCTATACTATGGCTCTTACCTATATAAAGAAACCTGAAATACAGGAATTATCCTACTACTAACTCTCATAGCAACAGCCTTCGTAGGATACGTCCTCCCCTGAGGACAAATATCATTTTGAGGAGCAACCGTCATCACCAACCTATTTTCAGCCATCCCTTACATCGGACAAACAATCGTAGAATGGGCCTGAGGAGGATTTTCAGTCGACAATCCTACTCTTACACGATTCTTCGCTCTCCACTTTCTTCTCCCTTTTGTCATCGCAGGCCTAACATTTATCCACTTAACCTTCTTACACGAAACCGGATCCAACAACCCTCTAGGCATTCCATCAAACTGCGATAAGATTCCATTCCACCCCTACTTCTCCTCAAAAGACATCCTAGGATTCATAACCATATTCCTTCCCCTCATATCTCTCGCTATATTCTCACCCAACCTACTAGGCGACCCAGAAAACTTCACACCTGCAAACCCACTAGTGACCCCTCCCCATATTAAACCTGAATGATACTTCCTATTTGCATACGCCATCCTACGATCTATTCCAAACAAACTAGGAGGCGTTCTTGCCCTCGCTGCCTCCGTCCTCATCCTATTCCTAATTCCTTTCCTACACAAATCGAAACAACGAACAATAACCTTCCGACCCCTTTCCCAACTCATATTNTGAATCCTCGTATCTAACCTTCTAATCCTCACATGAGTAGGAAGCCAACCAGTAGAACACCCATTTATCATCATCGGTCAACTAGCCTCACTCACATACTTCACAATTATCCTAGTTCTATTCCCAATTGCCGGAGCCCTAGAGAACAAAATACTTAATCTC
AFMTDNA704,KT869801,Rhopias gularis,cytb,"Parque Estadual Turıstico Alto do Ribeira, Nucleo Caboclos, SP",nucleo_caboclos,-48.53333,-24.5333,CCCAAATTGCCACCGGCCTATTAATAGCGATACACTACACAGCAGACACCACCCTAGCCTTCACATCAGTCGCCCATACCTGCCGAAACGTCCAATATGGCTGATTAATCCGAAACCTTCATGCAAACGGAGCTTCCATGTTTTTCATCTGCATCTACCTTCACATTGGACGAGGCCTATACTATGGCTCTTACCTATATAAAGAAACCTGAAATACAGGAATTATCCTACTACTAACTCTCATAGCAACAGCCTTCGTAGGATACGTCCTCCCCTGAGGGCAAATATCATTTTGAGGAGCAACCGTCATCACCAACCTATTTTCAGCCATCCCTTACATCGGACAAACAATCGTAGAATGGGCCTGAGGAGGATTTTCAGTCGACAATCCTACTCTTACACGATTCTTCGCTCTCCACTTTCTTCTCCCTTTTGTCATCGCAGGCCTAACATTTATCCACTTAACCTTCTTACACGAAACCGGATCCAACAACCCTCTAGGCATTCCATCAAACTGCGATAAGATTCCATTCCACCCCTACTTCTCCTCAAAAGACATCCTAGGATTCATAACCATATTCCTTCCCCTCATATCTCTCGCTATATTCTCACCCAACCTACTAGGCGACCCAGAAAACTTCACACCTGCAAACCCACTAGTGACCCCTCCCCATATTAAACCTGAATGATACTTCCTATTTGCATACGCCATCCTACGATCTATTCCAAACAAACTAGGAGGCGTTCTTGCCCTCGCTGCCTCCGTCCTCATCCTATTCCTAATTCCTTTCCTACACAAATCGAAACAACGAACAATAACCTTCCGACCCCTTTCCCAACTCATATTCTGAATCCTCGTATCTAACCTTCTAATCCTCACATGAGTAGGAAGCCAACCAGTAGAACACCCATTTATCATCATCGGTCAACTAGCCTCACTCACATACTTCACAATTATCCTAGTTCTATTCCCAATTGCCGGAGCCCTAGAGAACAAAATACTTAATCTC
AFMTDNA705,KT869832,Rhopias gularis,cytb,"Utinga, Guaraquecaba, PR",utinga,-48.23222,-25.2031,CCCAAATTGCCACCGGCCTATTAATAGCGATACACTACACAGCAGACACCACCCTAGCCTTCACATCAGTCGCCCATACCTGCCGAAACGTCCAATATGGCTGATTAATCCGAAACCTTCATGCAAACGGAGCTTCCATGTTTTTCATCTGCATCTACCTTCACATTGGACGAGGCCTATACTATGGCNCTTACCTATATAAAGAAACCTGAAATACAGGAATTATCCTACTACTAACTCTCATAGCAACAGCCTTCGTAGGATACGTCCTCCCCTGAGGGCAAATATCATTTTGAGGAGCAACCGTCATCACCAACCTATTTTCAGCCATCCCTTACATCGGACAAACAATCGTAGAATGGGCCTGAGGAGGATTTTCAGTCGACAATCCTACTCTTACACGATTCTTCGCTCTCCACTTTCTTCTCCCTTTTGTCATCGCAGGCCTAACATTTATCCACTTAACCTTCTTACACGAAACCGGATCCAACAACCCTCTAGGCATTCCATCAAACTGCGATAAGATTCCATTCCACCCCTACTTCTCCTCAAAAGACATCCTAGGATTCATAACCATATTCCTTCCCCTCATATCTCTCGCTATATTCTCACCCAACCTACTAGGCGACCCAGAAAACTTCACACCTGCAAACCCACTAGTGACCCCTCCCCATATTAAACCTGAATGATACTTCCTATTTGCATACGCCATCCTACGATCTATTCCAAACAAACTAGGAGGCGTTCTTGCCCTCGCTGCCTCCGTCCTCATCCTATTCCTAATTCCTTTCCTACACAAATCGAAACAACGAACAATAACCTTCCGACCCCTTTCCCAACTCATATTCTGAATCCTCGTATCTAACCTTCTAATCCTCACATGAGTAGGAAGCCAACCAGTAGAACACCCATTTATCATCATCGGTCAACTAGCCTCACTCACATACTTCACAATTATCCTAGTTCTATTCCCAATTGCCGGAGCCCTAGAGAACAAAA
AFMTDNA706,KT869833,Rhopias gularis,cytb,"Utinga, Guaraquecaba, PR",utinga,-48.23222,-25.2031,CCCAAATTGCCACCGGCCTATTAATAGCGATACACTACACAGCAGACACCACCCTAGCCTTCACATCAGTCGCCCATACCTGCCGAAACGTCCAATATGGCTGATTAATCCGAAACCTTCATGCAAACGGAGCTTCCATGTTTTTCATCTGCATCTACCTTCACATTGGACGAGGCCTATACTATGGCTCTTACCTATATAAAGAAACCTGAAATACAGGAATTATCCTACTACTAACTCTCATAGCAACAGCCTTCGTAGGATACGTCCTCCCCTGAGGACAAATATCATTTTGAGGAGCAACCGTCATCACCAACCTATTTTCAGCCATCCCTTACATCGGACAAACAATCGTAGAATGGGCCTGAGGAGGATTTTCAGTCGACAATCCTACTCTTACACGATTCTTCGCTCTCCACTTTCTTCTCCCTTTTGTCATCGCAGGCCTAACATTTATCCACTTAACCTTCTTACACGAAACCGGATCCAACAACCCTCTAGGCATTCCATCAAACTGCGATAAGATTCCATTCCACCCCTACTTCTCCTCAAAAGACATCCTAGGATTCATAACCATATTCCTTCCCCTCATATCTCTCGCTATATTCTCACCCAACCTACTAGGCGACCCAGAAAACTTCACACCTGCAAACCCACTAGTGACCCCTCCCCATATTAAACCTGAATGATACTTCCTATTTGCATACGCCATCCTACGATCTATTCCAAACAAACTAGGAGGCGTTCTTGCCCTCGCTGCCTCCGTCCTCATCCTATTCCTAATTCCTTTCCTACACAAATCGAAACAACGAACAATAACCTTCCGACCCCTTTCCCAACTCATATTCTGAATCCTCGTATCTAACCTTCTAATCCTCACATGAGTAGGAAGCCAACCAGTAGAACACCCATTTATCATCATCGGTCAACTAGCCTCACTCACATACTTCACAATTATCCTAGTTCTATTCCCAATTGCCGGAGCCCTAGAGAACAAAATACTTAATCTC
AFMTDNA707,KT869835,Rhopias gularis,cytb,"Utinga, Guaraquecaba, PR",utinga,-48.23222,-25.2031,GCGATACACTACACAGCAGACACCACCCTAGCCTTCACATCAGTCGCCCATACCTGCCGAAACGTCCAATATGGCTGATTAATCCGAAACCTTCATGCAAACGGAGCTTCCATGTTTTTCATCTGCATCTACCTTCACATTGGACGAGGCCTATACTATGGCTCTTACCTATATAAAGAAACCTGAAATACAGGAATTATCCTACTACTAACTCTCATAGCAACAGCCTTCGTAGGATACGTCCTCCCCTGAGGGCAAATATCATTTTGAGGAGCAACCGTCATCACCAACCTATTTTCAGCCATCCCTTACATCGGACAAACAATCGTAGAATGGGCCTGAGGAGGATTTTCAGTCGACAATCCTACTCTTACACGATTCTTCGCTCTCCACTTTCTTCTCCCTTTTGTCATCGCAGGCCTAACATTTATCCACTTAACCTTCTTACACGAAACCGGATCCAACAACCCTCTAGGCATTCCATCAAACTGCGATAAGATTCCATTCCACCCCTACTTCTCCTCAAAAGACATCCTAGGATTCATAACCATATTCCTTCCCCTCATATCTCTCGCTATATTCTCACCCAACCTACTAGGCGACCCAGAAAACTTCACACCTGCAAACCCACTAGTGACCCCTCCCCATATTAAACCTGAATGATACTTCCTATTTGCATACGCCATCCTACGATCTATTCCAAACAAACTAGGAGGCGTTCTTGCCCTCGCTGCCTCCGTCCTCATCCTATTCCTAATTCCTTTCCTACACAAATCGAAACAACGAACAATAACCTTCCGACCCCTTTCCCAACTCATATTCTGAATCCTCGTATCTAACCTTCTAATCCTCACATGAGTAGGAAGCCAACCAGTAGAACACCCATTTATCATCATCGGTCAACTAGCCTCACTCACATACTTCACAATTATCCTAGTTCTATTCCCAATTGCCGGAGCCCTAGAGAACAAAATACTTAATCTC
AFMTDNA708,KT869834,Rhopias gularis,cytb,"Utinga, Guaraquecaba, PR",utinga,-48.23222,-25.2031,GTCGCCCATACCTGCCGAAACGTCCAATATGGCTGATTAATCCGAAACCTTCATGCAAACGGAGCTTCCATGTTTTTCATCTGCATCTACCTTCACATTGGACGAGGCCTATACTATGGCTCTTACCTATATAAAGAAACCTGAAATACAGGAATTATCCTACTACTAACTCTCATAGCAACAGCCTTCGTAGGATACGTCCTCCCCTGAGGGCAAATATCATTTTGAGGAGCAACCGTCATCACCAACCTATTTTCAGCCATCCCTTACATCGGACAAACAATCGTAGAATGGGCCTGAGGAGGATTTTCAGTCGACAATCCTACTCTTACACGATTCTTCGCTCTCCACTTTCTTCTCCCTTTTGTCATCGCAGGCCTAACATTTATCCACTTAACCTTCTTACACGAAACCGGATCCAACAACCCTCTAGGCATTCCATCAAACTGCGATAAGATTCCATTCCACCCCTACTTCTCCTCAAAAGACATCCTAGGATTCATAACCATATTCCTTCCCCTCATATCTCTCGCTATATTCTCACCCAACCTACTAGGCGACCCAGAAAACTTCACACCTGCAAACCCACTAGTGACCCCTCCCCATATTAAACCTGAATGATACTTCCTATTTGCATACGCCATCCTACGATCTATTCCAAACAAACTAGGAGGCGTTCTTGCCCTCGCTGCCTCCGTCCTCATCCTATTCCTAATTCCTTTCCTACACAAATCGAAACAACGAACAATAACCTTCCGACCCCTTTCCCAACTCATATTCTGAATCCTCGTATCTAACCTTCTAATCCTCACATGAGTAGGAAGCCAACCAGTAGAACACCCATTTATCATCATCGGTCAACTAGCCTCACTCACATACTTCACAATTATCCTAGTTCTATTCCCAATTGCCGGAGCCCTAGAGAACAAAATACTTAATCT
AFMTDNA709,KT869836,Rhopias gularis,cytb,"Utinga, Guaraquecaba, PR",utinga,-48.23222,-25.2031,TGCCACCGGCCTATTAATAGCGATACACTACACAGCAGACACCACCCTAGCCTTCACATCAGTCGCCCATGCCTGCCGAAACGTCCAATATGGCTGATTAATCCGAAACCTTCATGCAAACGGAGCTTCCATGTTTTTCATCTGCATCTACCTTCACATTGGACGAGGCCTATACTATGGCTCTTACCTATATAAAGAAACCTGAAATACAGGAATTATCCTACTACTAACTCTCATAGCAACAGCCTTCGTAGGATACGTCCTCCCCTGAGGGCAAATATCATTTTGAGGAGCAACCGTCATCACCAACCTATTTTCAGCCATCCCTTACATCGGACAAACAATCGTAGAATGGGCCTGAGGAGGATTTTCAGTCGACAATCCTACTCTTACACGATTCTTCGCTCTCCACTTTCTTCTCCCTTTTGTCATCGCAGGCCTAACATTTATCCACTTAACCTTCTTACACGAAACCGGATCCAACAACCCTCTAGGCATTCCATCAAACTGCGATAAGATTCCATTCCACCCCTACTTCTCCTCAAAAGACATCCTAGGATTCATAACCATATTCCTTCCCCTCATATCTCTCGCTATATTCTCACCCAACCTACTAGGCGACCCAGAAAACTTCACACCTGCAAACCCACTAGTGACCCCTCCCCATATTAAACCTGAATGATACTTCCTATTTGCATACGCCATCCTACGATCTATTCCAAACAAACTAGGAGGCGTTCTTGCCCTCGCTGCCTCCGTCCTCATCCTATTCCTAATTCCTTTCCTACACAAATCGAAACAACGAACAATAACCTTCCGACCCCTTTCCCAACTCATATTCTGAATCCTCGTATCTAACCTTCTAATCCTCACATGAGTAGGAAGCCAACCAGTAGAACACCCATTTATCATCATCGGTCAACTAGCCTCACTCACATACTTCACAATTATCCTAGTTCTATTCCCAATTGCCGGAGCCCTAGAGAACAAAATACTTAATCTC
AFMTDNA710,KT869826,Rhopias gularis,cytb,"Nova Trento, SC",nova_trento,-49.07956,-27.2989,CCCAAATTGCCACCGGCCTATTAATAGCGATACACTACACAGCAGACACCACCCTAGCCTTCACATCAGTCGCCCATACCTGCCGAAACGTCCAATATGGCTGATTAATCCGAAACCTTCATGCAAACGGAGCTTCCATGTTTTTCATCTGCATCTACCTACACATTGGACGAGGCCTATACTATGGCTCTTACCTATATAAAGAAACCTGAAATACAGGAATTATCCTACTACTAACTCTCATAGCAACAGCCTTCGTAGGATACGTCCTCCCCTGAGGGCAAATATCATTTTGAGGAGCAACCGTCATCACCAACCTATTTTCAGCCATCCCTTACATCGGACAAACAATCGTAGAATGGGCCTGAGGAGGATTTTCAGTCGACAATCCTACTCTTACACGATTCTTCGCTCTCCACTTTCTTCTCCCTTTTGTCATCGCAGGCCTAACATTTATCCACTTAACCTTCTTACACGAAACCGGATCCAACAACCCTCTAGGCATTCCATCAAACTGCGATAAGATTCCATTCCACCCCTACTTCTCCTCAAAAGACATCCTAGGATTCATAACCATATTCCTTCCCCTCATATCTCTCGCTATATTCTCACCCAACCTACTAGGCGACCCAGAAAACTTCACACCTGCAAACCCACTAGTGACCCCTCCCCATATTAAACCTGAATGATACTTCCTATTTGCATACGCCATCCTACGATCTATTCCAAACAAACTAGGAGGCGTTCTTGCCCTCGCTGCCTCCGTCCTCATCCTATTCCTAATTCCTTTCCTACACAAATCGAAACAACGAACAATAACCTTCCGACCCCTTTCCCAACTCATATTCTGAATCCTCGTATCTAACCTTCTAATCCTCACATGAGTAGGAAGCCAACCAGTAGAACACCCATTTATCATCATCGGTCAACTAGCCTCACTCACATACTTCACAATTATCCTAGTTCTATTCCCAATTGCCGGAGCCCTAGAGAACAAAA
AFMTDNA711,KT869827,Rhopias gularis,cytb,"Nova Trento, SC",nova_trento,-49.07956,-27.2989,CCCAAATTGCCACCGGCCTATTAATAGCGATACACTACACAGCAGACACCACCCTAGCCTTCACATCAGTCGCCCATACCTGCCGAAACGTCCAATATGGCTGATTAATCCGAAACCTTCATGCAAACGGAGCTTCCATGTTTTTCATCTGCATCTACCTTCACATTGGACGAGGCCTATACTATGGCTCTTACCTATATAAAGAAACCTGAAATACAGGAATTATCCTACTACTAACTCTCATAGCAACAGCCTTCGTAGGATACGTCCTCCCCTGAGGGCAAATATCATTTTGAGGAGCAACCGTCATCACCAACCTATTTTCAGCCATCCCTTACATCGGACAAACAATCGTAGAATGGGCCTGAGGAGGATTTTCAGTCGACAATCCTACTCTTACACGATTCTTCGCTCTCCACTTTCTTCTCCCTTTTGTCATCGCAGGCCTAACATTTATCCACTTAACCTTCTTACACGAAACCGGATCCAACAACCCTCTAGGCATTCCATCAAACTGCGATAAGATTCCATTCCACCCCTACTTCTCCTCAAAAGACATCCTAGGATTCATAACCATATTCCTTCCCCTCATATCTCTCGCTATATTCTCACCCAACCTACTAGGCGACCCAGAAAACTTCACACCTGCAAACCCACTAGTGACCCCTCCCCATATTAAACCTGAATGATACTTCCTATTTGCATACGCCATCCTACGATCTATTCCAAACAAACTAGGAGGCGTTCTTGCCCTCGCTGCCTCCGTCCTCATCCTATTCCTAATTCCTTTCCTACACAAATCGAAACAACGAACAATAACCTTCCGACCCCTTTCCCAACTCATATTCTGAATCCTCGTATCTAACCTTCTAATCCTCACATGAGTAGGAAGCCAACCAGTAGAACACCCATTTATCATCATCGGTCAACTAGCCTCACTCACATACTTCACAATTATCCTAGTTCTATTCCCAATTGCCGGAGCCCTAGAGAACAAAA
AFMTDNA712,KT869828,Rhopias gularis,cytb,"Nova Trento, SC",nova_trento,-49.07956,-27.2989,CCAAATTGCCACCGGCCTATTAATAGCGATACACTACACAGCAGACACCACCCTAGCCTTCACATCAGTCGCCCATACCTGCCGAAACGTCCAATATGGCTGATTAATCCGAAACCTTCATGCAAACGGAGCTTCCATGTTTTTCATCTGCATCTACCTTCACATTGGACGAGGCCTATACTATGGCTCTTACCTATATAAAGAAACCTGAAATACAGGAATTATCCTACTACTAACTCTCATAGCAACAGCCTTCGTAGGATACGTCCTCCCCTGAGGGCAAATATCATTTTGAGGAGCAACCGTCATCACCAACCTATTTTCAGCCATCCCTTACATCGGACAAACAATCGTAGAATGGGCCTGAGGAGGATTTTCAGTCGACAATCCTACTCTTACACGATTCTTCGCTCTCCACTTTCTTCTCCCTTTTGTCATCGCAGGCCTAACATTTATCCACTTAACCTTCTTACACGAAACCGGATCCAACAACCCTCTAGGCATTCCATCAAACTGCGATAAGATTCCATTCCACCCCTACTTCTCCTCAAAAGACATCCTAGGATTCATAACCATATTCCTTCCCCTCATATCTCTCGCTATATTCTCACCCAACCTACTAGGCGACCCAGAAAACTTCACACCTGCAAACCCACTAGTGACCCCTCCCCATATTAAACCTGAATGATACTTCCTATTTGCATACGCCATCCTACGATCTATTCCAAACAAACTAGGAGGCGTTCTTGCCCTCGCTGCCTCCGTCCTCATCCTATTCCTAATTCCTTTCCTACACAAATCGAAACAACGAACAATAACCTTCCGACCCCTTTCCCAACTCATATTCTGAATCCTCGTATCTAACCTTCTAATCCTCACATGAGTAGGAAGCCAACCAGTAGAACACCCATTTATCATCATCGGTCAACTAGCCTCACTCACATACTTCACAATTATCCTAGTTCTATTCCCAATTGCCGGAGCCCTAGAGAACAAAATAC
AFMTDNA713,KT869829,Rhopias gularis,cytb,"Nova Trento, SC",nova_trento,-49.07956,-27.2989,CCCAAATTGCCACCGGCCTATTAATAGCGATACACTACACAGCAGACACCACCCTAGCCTTCACATCAGTCGCCCATACCTGCCGAAACGTCCAATATGGCTGATTAATCCGAAACCTTCATGCAAACGGAGCTTCCATGTTTTTCATCTGCATCTACCTTCACATTGGACGAGGCCTATACTATGGCTCTTACCTATATAAAGAAACCTGAAATACAGGAATTATCCTACTACTAACTCTCATAGCAACAGCCTTCGTAGGATACGTCCTCCCCTGAGGGCAAATATCATTTTGAGGAGCAACCGTCATCACCAACCTATTTTCAGCCATCCCTTACATCGGACAAACAATCGTAGAATGGGCCTGAGGAGGATTTTCAGTCGACAATCCTACTCTTACACGATTCTTCGCTCTCCACTTTCTTCTCCCTTTTGTCATCGCAGGCCTAACATTTATCCACTTAACCTTCTTACACGAAACCGGATCCAACAACCCTCTAGGCATTCCATCAAACTGCGATAAGATTCCATTCCACCCCTACTTCTCCTCAAAAGACATCCTAGGATTCATAACCATATTCCTTCCCCTCATATCTCTCGCTATATTCTCACCCAACCTACTAGGCGACCCAGAAAACTTCACACCTGCAAACCCACTAGTGACCCCTCCCCATATTAAACCTGAATGATACTTCCTATTTGCATACGCCATCCTACGATCTATTCCAAACAAACTAGGAGGCGTTCTTGCCCTCGCTGCCTCCGTCCTCATCCTATTCCTAATTCCTTTCCTACACAAATCGAAACAACGAACAATAACCTTCCGACCCCTTTCCCAACTCATATTCTGAATCCTCGTATCTAACCTTCTAATCCTCACATGAGTAGGAAGCCAACCAGTAGAACACCCATTTATCATCATCGGTCAACTAGCCTCACTCACATACTTCACAATTATCCTAGTTCTATTCCCAA
AFMTDNA714,KT869830,Rhopias gularis,cytb,"Nova Trento, SC",nova_trento,-49.07956,-27.2989,TGCCACCGGCCTATTAATAGCGATACACTACACAGCAGACACCACCCTAGCCTTCACATCAGTCGCCCATACCTGCCGAAACGTCCAATATGGCTGATTAATCCGAAACCTTCATGCAAACGGAGCTTCCATGTTTTTCATCTGCATCTACCTTCACATTGGACGAGGCCTATACTATGGCTCTTACCTATATAAAGAAACCTGAAATACAGGAATTATCCTACTACTAACTCTCATAGCAACAGCCTTCGTAGGATACGTCCTCCCCTGAGGGCAAATATCATTTTGAGGAGCAACCGTCATCACCAACCTATTTTCAGCCATCCCTTACATCGGACAAACAATCGTAGAATGGGCCTGAGGAGGATTTTCAGTCGACAATCCTACTCTTACACGATTCTTCGCTCTCCACTTTCTTCTCCCTTTTGTCATCGCAGGCCTAACATTTATCCACTTAACCTTCTTACACGAAACCGGATCCAACAACCCTCTAGGCATTCCATCAAACTGCGATAAGATTCCATTCCACCCCTACTTCTCCTCAAAAGACATCCTAGGATTCATAACCATATTCCTTCCCCTCATATCTCTCGCTATATTCTCACCCAACCTACTAGGCGACCCAGAAAACTTCACACCTGCAAACCCACTAGTGACCCCTCCCCATATTAAACCTGAATGATACTTCCTATTTGCATACGCCATCCTACGATCTATTCCAAACAAACTAGGAGGCGTTCTTGCCCTCGCTGCCTCCGTCCTCATCCTATTCCTAATTCCTTTCCTACACAAATCGAAACAACGAACAATAACCTTCCGACCCCTTTCCCAACTCATATTCTGAATCCTCGTATCTAACCTTCTAATCCTCACATGAGTAGGAAGCCAACCAGTAGAACACCCATTTATCATCATCGGTCAACTAGCCTCACTCACATACTTCACAATTATCCTAGTTCTATTCCCAATTGCCGGAGCCCTAGAGAACAAAATACTTAA
AFMTDNA715,KT869831,Rhopias gularis,cytb,"Nova Trento, SC",nova_trento,-49.07956,-27.2989,CCCAAATTGCCACCGGCCTATTAATAGCGATACACTACACAGCAGACACCACCCTAGCCTTCACATCAGTCGCCCATACCTGCCGAAACGTCCAATATGGCTGATTAATCCGAAACCTTCATGCAAACGGAGCTTCCATGTTTTTCATCTGCATCTACCTTCACATTGGACGAGGCCTATACTATGGCTCTTACCTATATAAAGAAACCTGAAATACAGGAATTATCCTACTACTAACTCTCATAGCAACAGCCTTCGTAGGATACGTCCTCCCCTGAGGGCAAATATCATTTTGAGGAGCAACCGTCATCACCAACCTATTTTCAGCCATCCCTTACATCGGACAAACAATCGTAGAATGGGCCTGAGGAGGATTTTCAGTCGACAATCCTACTCTTACACGATTCTTCGCTCTCCACTTTCTTCTCCCTTTTGTCATCGCAGGCCTAACATTTATCCACTTAACCTTCTTACACGAAACCGGATCCAACAACCCTCTAGGCATTCCATCAAACTGCGATAAGATTCCATTCCACCCCTACTTCTCCTCAAAAGACATCCTAGGATTCATAACCATATTCCTTCCCCTCATATCTCTCGCTATATTCTCACCCAACCTACTAGGCGACCCAGAAAACTTCACACCTGCAAACCCACTAGTGACCCCTCCCCATATTAAACCTGAATGATACTTCCTATTTGCATACGCCATCCTACGATCTATTCCAAACAAACTAGGAGGCGTTCTTGCCCTCGCTGCCTCCGTCCTCATCCTATTCCTAATTCCTTTCCTACACAAATCGAAACAACGAACAATAACCTTCCGACCCCTTTCCCAACTCATATTCTGAATCCTCGTATCTAACCTTCTAATCCTCACATGAGTAGGAAGCCAACCAGTAGAACACCCATTTATCATCATCGGTCAACTAGCCTCACTCACATACTTCACAATTATCCTAGTTCTATTCCCAATTGCCGGAGCCCTAGAGAACAAAATACTTAATCTC
AFMTDNA716,KT869820,Rhopias gularis,cytb,"Nova Roma, Morro Grande, SC",nova_roma,-49.76678,-28.7053,CCCAAATTGCCACCGGCCTATTAATAGCGATACACTACACAGCAGACACCACCCTAGCCTTCACATCAGTCGCCCATACCTGCCGAAACGTCCAATATGGCTGATTAATCCGAAACCTTCATGCAAACGGAGCTTCCATGTTTTTCATCTGCATCTACCTTCACATTGGACGAGGCCTATACTATGGCTCTTACCTATATAAAGAAACCTGAAATACAGGAATTATCCTACTACTAACTCTCATAGCAACAGCCTTCGTAGGATACGTCCTCCCCTGAGGGCAAATATCATTTTGAGGAGCAACCGTCATCACCAACCTATTTTCAGCCATCCCTTACATCGGACAAACAATCGTAGAATGGGCCTGAGGAGGATTTTCAGTCGACAATCCTACTCTTACACGATTCTTCGCTCTCCACTTTCTTCTCCCTTTTGTCATCGCAGGCCTAACATTTATCCACTTAACCTTCTTACACGAAACCGGATCTAACAACCCTCTAGGCATTCCATCAAACTGCGATAAGATTCCATTCCACCCCTACTTCTCCTCAAAAGACATCCTAGGATTCATAACCATATTCCTTCCCCTCATATCTCTCGCTATATTCTCACCCAACCTACTAGGCGACCCAGAAAACTTCACACCTGCAAACCCACTAGTGACCCCTCCCCATATTAAACCTGAATGATACTTCCTATTTGCATACGCCATCCTACGATCTATTCCAAACAAACTANGAGGCGTTCTTGCCCTCACTGCCTCCGTCCTCATCCTATTCCTAATTCCTTTCCTACACAAATCGAAACAACGAACAATAACCTTCCGACCCCTTTCCCAACTCATATTCTGAATCCTCGTATCTAACCTTCTAATCCTCACATGAGTAGGAAGCCAACCAGTAGAACACCCATTTATCATCATCGGCCAACTAGCCTCACTCACATACTTCACAATTATCCTAGTTCTATTCCCAATTGCCGGAGCCCTAGAGAACAAAATAC
AFMTDNA717,KT869821,Rhopias gularis,cytb,"Nova Roma, Morro Grande, SC",nova_roma,-49.76678,-28.7053,CCCAAATTGCCACCGGCCTATTAATAGCGATACACTACACAGCAGACACCACCCTAGCCTTCACATCAGTCGCCCATACCTGCCGAAACGTCCAATATGGCTGATTAATCCGAAACCTTCATGCAAACGGAGCTTCCATGTTTTTCATCTGCATCTACCTTCACATTGGACGAGGCCTATACTATGGCTCTTACCTATATAAAGAAACCTGAAATACAGGAATTATCCTACTACTAACTCTCATAGCAACAGCCTTCGTAGGATACGTCCTCCCCTGAGGGCAAATATCATTTTGAGGAGCAACCGTCATCACCAACCTATTTTCAGCCATCCCTTACATCGGACAAACAATCGTAGAATGGGCCTGAGGAGGATTTTCAGTCGACAATCCTACTCTTACACGATTCTTCGCTCTCCACTTTCTTCTCCCTTTTGTCATCGCAGGCCTAACATTTATCCACTTAACCTTCTTACACGAAACCGGATCCAACAACCCTCTAGGCATTCCATCAAACTGCGATAAGATTCCATTCCACCCCTACTTCTCCTCAAAAGACATCCTAGGATTCATAACCATATTCCTTCCCCTCATATCTCTCGCTATATTCTCACCCAACCTACTAGGCGACCCAGAAAACTTCACACCTGCAAACCCACTAGTGACCCCTCCCCATATTAAACCTGAATGATACTTCCTATTTGCATACGCCATCCTACGATCTATTCCAAACAAACTAGGAGGCGTTCTTGCCCTCGCTGCCTCCGTCCTCATCCTATTCCTAATTCCTTTCCTACACAAATCGAAACAACGAACAATAACCTTCCGACCCCTTTCCCAACTCATATTCTGAATCCTCGTATCTAACCTTCTAATCCTCACATGAGTAGGAAGCCAACCAGTAGAACACCCATTTATCATCATCGGTCAACTAGCCTCACTCACATACTTCACAATTATCCTAGTTCTATTCCCAATTGCCGGAGCCCTAGAGAACAAAATACTTAATCTC
AFMTDNA718,KT869822,Rhopias gularis,cytb,"Nova Roma, Morro Grande, SC",nova_roma,-49.76678,-28.7053,CCCAAATTGCCACCGGCCTATTAATAGCGATACACTACACAGCAGACACCACCCTAGCCTTCACATCAGTCGCCCATACCTGCCGAAACGTCCAATATGGCTGATTAATCCGAAACCTTCATGCAAACGGAGCTTCCATGTTTTTCATCTGCATCTACCTTCACATTGGACGAGGCCTATACTATGGCTCTTACCTATATAAAGAAACCTGAAATACAGGAATTATCCTACTACTAACTCTCATAGCAACAGCCTTCGTAGGATACGTCCTCCCCTGAGGGCAAATATCATTTTGAGGAGCAACCGTCATCACCAACCTATTTTCAGCCATCCCTTACATCGGACAAACAATCGTAGAATGGGCCTGAGGAGGATTTTCAGTCGACAATCCTACTCTTACACGATTCTTCGCTCTCCACTTTCTTCTCCCTTTTGTCATCGCAGGCCTAACATTTATCCACTTAACCTTCTTACACGAAACCGGATCCAACAACCCTCTAGGCATTCCATCAAACTGCGATAAGATTCCATTCCACCCCTACTTCTCCTCAAAAGACATCCTAGGATTCATAACCATATTCCTTCCCCTCATATCTCTCGCTATATTCTCACCCAACCTACTAGGCGACCCAGAAAACTTCACACCTGCAAACCCACTAGTGACCCCTCCCCATATTAAACCTGAATGATACTTCCTATTTGCATACGCCATCCTACGATCTATTCCAAACAAACTAGGAGGCGTTCTTGCCCTCGCTGCCTCCGTCCTCATCCTATTCCTAATTCCTTTCCTACACAAATCGAAACAACGAACAATAACCTTCCGACCCCTTTCCCAACTCATATTCTGAATCCTCGTATCTAACCTTCTAATCCTCACATGAGTAGGAAGCCAACCAGTAGAACACCCATTTATCATCATCGGTCAACTAGCCTCACTCACATACTTCACAATTATCCTAGTTCTATTCCCAATTGCCGGAGCCCTAGAGAACAAAATACTTAATCT
AFMTDNA719,KT869823,Rhopias gularis,cytb,"Nova Roma, Morro Grande, SC",nova_roma,-49.76678,-28.7053,AGACACCACCCTAGCCTTCACATCAGTCGCCCATACCTGCCGAAACGTCCAATATGGCTGATTAATCCGAAACCTTCATGCAAACGGAGCTTCCATGTTTTTCATCTGCATCTACCTTCACATTGGACGAGGCCTATACTATGGCTCTTACCTATATAAAGAAACCTGAAATACAGGAATTATCCTACTACTAACTCTCATAGCAACAGCCTTCGTAGGATACGTCCTCCCCTGAGGGCAAATATCATTTTGAGGAGCAACCGTCATCACCAACCTATTTTCAGCCATCCCTTACATCGGACAAACAATCGTAGAATGGGCCTGAGGAGGATTTTCAGTCGACAATCCTACTCTTACACGATTCTTCGCTCTCCACTTTCTTCTCCCTTTTGTCATCGCAGGCCTAACATTTATCCACTTAACCTTCTTACACGAAACCGGATCCAACAACCCTCTAGGCATTCCATCAAACTGCGATAAGATTCCATTCCACCCCTACTTCTCCTCAAAAGACATCCTAGGATTCATAACCATATTCCTTCCCCTCATATCTCTCGCTATATTCTCACCCAACCTACTAGGCGACCCAGAAAACTTCACACCTGCAAACCCACTAGTGACCCCTCCCCATATTAAACCTGAATGATACTTCCTATTTGCATACGCCATCCTACGATCTATTCCAAACAAACTAGGAGGCGTTCTTGCCCTCGCTGCCTCCGTCCTCATCCTATTCCTAATTCCTTTCCTACACAAATCGAAACAACGAACAATAACCTTCCGACCCCTTTCCCAACTCATATTCTGAATCCTCGTATCTAACCTTCTAATCCTCACATGAGTAGGAAGCCAACCAGTAGAACACCCATTTATCATCATCGGTCAACTAGCCTCACTCACATACTTCACAATTATCCTAGTTCTATTCCCAATTGCCGGAGCCCTAGAGAACAAAA
AFMTDNA720,KT869824,Rhopias gularis,cytb,"Nova Roma, Morro Grande, SC",nova_roma,-49.76678,-28.7053,CCCAAATTGCCACCGGCCTATTAATAGCGATACACTACACAGCAGACACCACCCTAGCCTTCACATCAGTCGCCCATACCTGCCGAAACGTCCAATATGGCTGATTAATCCGAAACCTTCATGCAAACGGAGCTTCCATGTTTTTCATCTGCATCTACCTTCACATTGGACGAGGCCTATACTATGGCTCTTACCTATATAAAGAAACCTGAAATACAGGAATTATCCTACTACTAACTCTCATAGCAACAGCCTTCGTAGGATACGTCCTCCCCTGAGGGCAAATATCATTTTGAGGAGCAACCGTCATCACCAACCTATTTTCAGCCATCCCTTACATCGGACAAACAATCGTAGAATGGGCCTGAGGAGGATTTTCAGTCGACAATCCTACTCTTACACGATTCTTCGCTCTCCACTTTCTTCTCCCTTTTGTCATCGCAGGCCTAACATTTATCCACTTAACCTTCTTACACGAAACCGGATCCAACAACCCTCTAGGCATTCCATCAAACTGCGATAAGATTCCATTCCACCCCTACTTCTCCTCAAAAGACATCCTAGGATTCATAACCATATTCCTTCCCCTCATATCTCTCGCTATATTCTCACCCAACCTACTAGGCGACCCAGAAAACTTCACACCTGCAAACCCACTAGTGACCCCTCCCCATATTAAACCTGAATGATACTTCCTATTTGCATACGCCATCCTACGATCTATTCCAAACAAACTAGGAGGCGTTCTTGCCCTCGCTGCCTCCGTCCTCATCCTATTCCTAATTCCTTTCCTACACAAATCGAAACAACGAACAATAACCTTCCGACCCCTTTCCCAACTCATATTCTGAATCCTCGTATCTAACCTTCTAATCCTCACATGAGTAGGAAGCCAACCAGTAGAACACCCATTTATCATCATCGGTCAACTAGCCTCACTCACATACTTCACAATTATCCTAGTTCTATTCCCAATTGCCGGAGCCCTAGAGAACAAAA
AFMTDNA721,KT869825,Rhopias gularis,cytb,"Nova Roma, Morro Grande, SC",nova_roma,-49.76678,-28.7053,CCCAAATTGCCACCGGCCTATTAATAGCGATACACTACACAGCAGACACCACCCTAGCCTTCACATCAGTCGCCCATACCTGCCGAAACGTCCAATATGGCTGATTAATCCGAAACCTTCATGCAAACGGAGCTTCCATGTTTTTCATCTGCATCTACCTTCACATTGGACGAGGCCTATACTATGGCTCTTACCTATATAAAGAAACCTGAAATACAGGAATTATCCTACTACTAACTCTCATAGCAACAGCCTTCGTAGGATACGTCCTCCCCTGAGGGCAAATATCATTTTGAGGAGCAACCGTCATCACCAACCTATTTTCAGCCATCCCTTACATCGGACAAACAATCGTAGAATGGGCCTGAGGAGGATTTTCAGTCGACAATCCTACTCTTACACGATTCTTCGCTCTCCACTTTCTTCTCCCTTTTGTCATCGCAGGCCTAACATTTATCCACTTAACCTTCTTACACGAAACCGGATCTAACAACCCTCTAGGCATTCCATCAAACTGCGATAAGATTCCATTCCACCCCTACTTCTCCTCAAAAGACATCCTAGGATTCATAACCATATTCCTTCCCCTCATATCTCTCGCTATATTCTCACCCAACCTACTAGGCGACCCAGAAAACTTCACACCTGCAAACCCACTAGTGACCCCTCCCCATATTAAACCTGAATGATACTTCCTATTTGCATACGCCATCCTACGATCTATTCCAAACAAACTAGGAGGCGTTCTTGCCCTCACTGCCTCCGTCCTCATCCTATTCCTAATTCCTTTCCTACACAAATCGAAACAACGAACAATAACCTTCCGACCCCTTTCCCAACTCATATTCTGAATCCTCGTATCTAACCTTCTAATCCTCACATGAGTAGGAAGCCAACCAGTAGAACACCCATTTATCATCATCGGCCAACTAGCCTCACTCACATACTTCACAATTATCCTAGTTCTATTCCCAATTGCCGGAGCCCTAGAGAACAAAA
