"id","museum_code","specimen_id","specimen_id_original","genus","species","subspecies","locus","issue"
"AFMTDNA1078","LGEMA","1182","LGEMA1182","Synallaxis","ruficapilla",NA,"cytb","not_found"
"AFMTDNA1081","LGEMA","1367","LGEMA1367","Synallaxis","ruficapilla",NA,"cytb","not_found"
"AFMTDNA1086","LGEMA","2087","LGEMA2087","Synallaxis","ruficapilla",NA,"cytb","not_found"
"AFMTDNA1097","LGEMA","13015","LGEMA13015","Synallaxis","ruficapilla",NA,"cytb","not_found"
"AFMTDNA1101","MNRJ","229","MNRJ229","Synallaxis","ruficapilla",NA,"cytb","not_found"
"AFMTDNA1115","LGEMA","14592","LGEMA14592","Synallaxis","ruficapilla",NA,"cytb","not_found"
"AFMTDNA1121","UFMG","B2414","UFMGB2414","Synallaxis","ruficapilla",NA,"cytb","not_found"
"AFMTDNA1124","LGEMA","15756","LGEMA15756","Synallaxis","ruficapilla",NA,"cytb","not_found"
"AFMTDNA1125","LGEMA","15758","LGEMA15758","Synallaxis","ruficapilla",NA,"cytb","not_found"
"AFMTDNA1126","LGEMA","15764","LGEMA15764","Synallaxis","ruficapilla",NA,"cytb","not_found"
"AFMTDNA1127","LGEMA","15765","LGEMA15765","Synallaxis","ruficapilla",NA,"cytb","not_found"
"AFMTDNA1128","MCPMCP","3088","MCPMCP3088","Synallaxis","ruficapilla",NA,"cytb","not_found"
"AFMTDNA1141","LGEMA","14437","LGEMA14437","Synallaxis","ruficapilla",NA,"cytb","not_found"
"AFMTDNA1147","LGEMA","13530","LGEMA13530","Synallaxis","ruficapilla",NA,"cytb","not_found"
"AFMTDNA1156","LGEMA","13536","LGEMA13536","Synallaxis","ruficapilla",NA,"cytb","not_found"
"AFMTDNA1159","LGEMA","13545","LGEMA13545","Synallaxis","ruficapilla",NA,"cytb","not_found"
"AFMTDNA1160","LGEMA","13549","LGEMA13549","Synallaxis","ruficapilla",NA,"cytb","not_found"
"AFMTDNA1162","LGEMA","13711","LGEMA13711","Synallaxis","cinerea",NA,"cytb","not_found"
"AFMTDNA1164","LGEMA","13401","LGEMA13401","Synallaxis","cinerea",NA,"cytb","not_found"
"AFMTDNA1166","LGEMA","13720","LGEMA13720","Synallaxis","cinerea",NA,"cytb","not_found"
"AFMTDNA1167","LGEMA","13736","LGEMA13736","Synallaxis","cinerea",NA,"cytb","not_found"
"AFMTDNA1169","LGEMA","13763","LGEMA13763","Synallaxis","cinerea",NA,"cytb","not_found"
"AFMTDNA1170","LGEMA","13764","LGEMA13764","Synallaxis","cinerea",NA,"cytb","not_found"
"AFMTDNA1178","MZUFBA","1195","MZUFBA1195","Synallaxis","cinerea",NA,"cytb","not_found"
"AFMTDNA1179","MZUFBA","1196","MZUFBA1196","Synallaxis","cinerea",NA,"cytb","not_found"
"AFMTDNA1183","MZUFBA","1209","MZUFBA1209","Synallaxis","cinerea",NA,"cytb","not_found"
"AFMTDNA1187","LGEMA","1182","LGEMA1182","Synallaxis","ruficapilla",NA,"nd2","not_found"
"AFMTDNA1190","LGEMA","1367","LGEMA1367","Synallaxis","ruficapilla",NA,"nd2","not_found"
"AFMTDNA1191","LGEMA","1368","LGEMA1368","Synallaxis","ruficapilla",NA,"nd2","not_found"
"AFMTDNA1193","LGEMA","2067","LGEMA2067","Synallaxis","ruficapilla",NA,"nd2","not_found"
"AFMTDNA1195","LGEMA","2087","LGEMA2087","Synallaxis","ruficapilla",NA,"nd2","not_found"
"AFMTDNA1196","LGEMA","2187","LGEMA2187","Synallaxis","ruficapilla",NA,"nd2","not_found"
"AFMTDNA1206","LGEMA","13015","LGEMA13015","Synallaxis","ruficapilla",NA,"nd2","not_found"
"AFMTDNA1210","MNRJ","229","MNRJ229","Synallaxis","ruficapilla",NA,"nd2","not_found"
"AFMTDNA1217","LGEMA","14527","LGEMA14527","Synallaxis","ruficapilla",NA,"nd2","not_found"
"AFMTDNA1224","LGEMA","14592","LGEMA14592","Synallaxis","ruficapilla",NA,"nd2","not_found"
"AFMTDNA1228","LGEMA","14688","LGEMA14688","Synallaxis","ruficapilla",NA,"nd2","not_found"
"AFMTDNA1230","UFMG","B2414","UFMGB2414","Synallaxis","ruficapilla",NA,"nd2","not_found"
"AFMTDNA1233","LGEMA","15756","LGEMA15756","Synallaxis","ruficapilla",NA,"nd2","not_found"
"AFMTDNA1234","LGEMA","15758","LGEMA15758","Synallaxis","ruficapilla",NA,"nd2","not_found"
"AFMTDNA1235","LGEMA","15764","LGEMA15764","Synallaxis","ruficapilla",NA,"nd2","not_found"
"AFMTDNA1236","LGEMA","15765","LGEMA15765","Synallaxis","ruficapilla",NA,"nd2","not_found"
"AFMTDNA1237","MCPMCP","3088","MCPMCP3088","Synallaxis","ruficapilla",NA,"nd2","not_found"
"AFMTDNA1250","LGEMA","14437","LGEMA14437","Synallaxis","ruficapilla",NA,"nd2","not_found"
"AFMTDNA1256","LGEMA","13530","LGEMA13530","Synallaxis","ruficapilla",NA,"nd2","not_found"
"AFMTDNA1265","LGEMA","13536","LGEMA13536","Synallaxis","ruficapilla",NA,"nd2","not_found"
"AFMTDNA1268","LGEMA","13545","LGEMA13545","Synallaxis","ruficapilla",NA,"nd2","not_found"
"AFMTDNA1269","LGEMA","13549","LGEMA13549","Synallaxis","ruficapilla",NA,"nd2","not_found"
"AFMTDNA1271","LGEMA","13711","LGEMA13711","Synallaxis","cinerea",NA,"nd2","not_found"
"AFMTDNA1273","LGEMA","13401","LGEMA13401","Synallaxis","cinerea",NA,"nd2","not_found"
"AFMTDNA1275","LGEMA","13720","LGEMA13720","Synallaxis","cinerea",NA,"nd2","not_found"
"AFMTDNA1276","LGEMA","13736","LGEMA13736","Synallaxis","cinerea",NA,"nd2","not_found"
"AFMTDNA1278","LGEMA","13763","LGEMA13763","Synallaxis","cinerea",NA,"nd2","not_found"
"AFMTDNA1279","LGEMA","13764","LGEMA13764","Synallaxis","cinerea",NA,"nd2","not_found"
"AFMTDNA1285","MZUFBA","1193","MZUFBA1193","Synallaxis","cinerea",NA,"nd2","not_found"
"AFMTDNA1287","MZUFBA","1195","MZUFBA1195","Synallaxis","cinerea",NA,"nd2","not_found"
"AFMTDNA1294","MNRJ","MNT250","MNRJ MNT 250","Myrmeciza","loricata",NA,"nd2","duplicate"
"AFMTDNA1295","MNRJ","MNT251","MNRJ MNT 251","Myrmeciza","loricata",NA,"nd2","duplicate"
"AFMTDNA1296","MNRJ","MNT252","MNRJ MNT 252","Myrmeciza","loricata",NA,"nd2","duplicate"
"AFMTDNA1297","MNRJ","MNT253","MNRJ MNT 253","Myrmeciza","loricata",NA,"nd2","duplicate"
"AFMTDNA1300","LGEMA","13010","LGEMA 13010","Myrmeciza","loricata",NA,"nd2","not_found"
"AFMTDNA1316","MNRJ","MNT88","MNRJ MNT 88","Myrmeciza","loricata",NA,"nd2","duplicate"
"AFMTDNA1317","MNRJ","MNT163","MNRJ MNT 163","Myrmeciza","loricata",NA,"nd2","duplicate"
"AFMTDNA1346","LGEMA","14601","LGEMA 14601","Myrmeciza","squamosa",NA,"nd2","not_found"
"AFMTDNA1379","MNRJ","DHF69","MNRJ DHF 069","Myrmeciza","squamosa",NA,"nd2","duplicate"
"AFMTDNA1380","MNRJ","DHF70","MNRJ  DHF 070","Myrmeciza","squamosa",NA,"nd2","duplicate"
"AFMTDNA1381","MNRJ","DHF71","MNRJ  DHF 071","Myrmeciza","squamosa",NA,"nd2","duplicate"
"AFMTDNA1382",NA,NA,"15341","Pyriglena","atra",NA,"nd2","not_found"
"AFMTDNA1383",NA,NA,"15342","Pyriglena","atra",NA,"nd2","not_found"
"AFMTDNA1384",NA,NA,"15343","Pyriglena","atra",NA,"nd2","not_found"
"AFMTDNA1385",NA,NA,"15362","Pyriglena","atra",NA,"nd2","not_found"
"AFMTDNA1386",NA,NA,"15363","Pyriglena","atra",NA,"nd2","not_found"
"AFMTDNA1387",NA,NA,"16545","Pyriglena","atra",NA,"nd2","not_found"
"AFMTDNA1388",NA,NA,"16549","Pyriglena","atra",NA,"nd2","not_found"
"AFMTDNA1389",NA,NA,"16550","Pyriglena","atra",NA,"nd2","not_found"
"AFMTDNA1390",NA,NA,"16551","Pyriglena","atra",NA,"nd2","not_found"
"AFMTDNA1391",NA,NA,"16553","Pyriglena","atra",NA,"nd2","not_found"
"AFMTDNA1392",NA,NA,"16554","Pyriglena","atra",NA,"nd2","not_found"
"AFMTDNA1393",NA,NA,"15344","Pyriglena","atra",NA,"nd2","not_found"
"AFMTDNA1394",NA,NA,"15345","Pyriglena","atra",NA,"nd2","not_found"
"AFMTDNA1395",NA,NA,"15346","Pyriglena","atra",NA,"nd2","not_found"
"AFMTDNA1396",NA,NA,"15347","Pyriglena","atra",NA,"nd2","not_found"
"AFMTDNA1397",NA,NA,"15348","Pyriglena","atra",NA,"nd2","not_found"
"AFMTDNA1398",NA,NA,"15349","Pyriglena","atra",NA,"nd2","not_found"
"AFMTDNA1399",NA,NA,"15350","Pyriglena","atra",NA,"nd2","not_found"
"AFMTDNA1400",NA,NA,"15351","Pyriglena","atra",NA,"nd2","not_found"
"AFMTDNA1401",NA,NA,"15352","Pyriglena","atra",NA,"nd2","not_found"
"AFMTDNA1402",NA,NA,"15353","Pyriglena","atra",NA,"nd2","not_found"
"AFMTDNA1403",NA,NA,"15354","Pyriglena","atra",NA,"nd2","not_found"
"AFMTDNA1404",NA,NA,"15355","Pyriglena","atra",NA,"nd2","not_found"
"AFMTDNA1405",NA,NA,"15356","Pyriglena","atra",NA,"nd2","not_found"
"AFMTDNA1406",NA,NA,"15357","Pyriglena","atra",NA,"nd2","not_found"
"AFMTDNA1407",NA,NA,"15358","Pyriglena","atra",NA,"nd2","not_found"
"AFMTDNA1408",NA,NA,"15359","Pyriglena","atra",NA,"nd2","not_found"
"AFMTDNA1409",NA,NA,"15360","Pyriglena","atra",NA,"nd2","not_found"
"AFMTDNA1410",NA,NA,"15361","Pyriglena","atra",NA,"nd2","not_found"
"AFMTDNA1411",NA,NA,"11655","Pyriglena","atra",NA,"nd2","not_found"
"AFMTDNA1412",NA,NA,"11656","Pyriglena","atra",NA,"nd2","not_found"
"AFMTDNA1413",NA,NA,"11657","Pyriglena","atra",NA,"nd2","not_found"
"AFMTDNA1414",NA,NA,"11658","Pyriglena","atra",NA,"nd2","not_found"
"AFMTDNA1415",NA,NA,"11659","Pyriglena","atra",NA,"nd2","not_found"
"AFMTDNA1416",NA,NA,"11660","Pyriglena","atra",NA,"nd2","not_found"
"AFMTDNA1418",NA,NA,"11662","Pyriglena","atra",NA,"nd2","not_found"
"AFMTDNA1419",NA,NA,"11664","Pyriglena","atra",NA,"nd2","not_found"
"AFMTDNA1420",NA,NA,"18072","Pyriglena","atra",NA,"nd2","not_found"
"AFMTDNA1421",NA,NA,"18073","Pyriglena","atra",NA,"nd2","not_found"
"AFMTDNA1422",NA,NA,"18074","Pyriglena","atra",NA,"nd2","not_found"
"AFMTDNA1423",NA,NA,"18075","Pyriglena","atra",NA,"nd2","not_found"
"AFMTDNA1424",NA,NA,"18076","Pyriglena","atra",NA,"nd2","not_found"
"AFMTDNA1425",NA,NA,"18077","Pyriglena","atra",NA,"nd2","not_found"
"AFMTDNA1426",NA,NA,"17112","Pyriglena","atra",NA,"nd2","not_found"
"AFMTDNA1427",NA,NA,"17113","Pyriglena","atra",NA,"nd2","not_found"
"AFMTDNA1428",NA,NA,"17114","Pyriglena","atra",NA,"nd2","not_found"
"AFMTDNA1429",NA,NA,"17115","Pyriglena","atra",NA,"nd2","not_found"
"AFMTDNA1430",NA,NA,"17116","Pyriglena","atra",NA,"nd2","not_found"
"AFMTDNA1431",NA,NA,"17921","Pyriglena","atra",NA,"nd2","not_found"
"AFMTDNA1432",NA,NA,"17922","Pyriglena","atra",NA,"nd2","not_found"
"AFMTDNA1433",NA,NA,"17923","Pyriglena","atra",NA,"nd2","not_found"
"AFMTDNA1434",NA,NA,"17924","Pyriglena","atra",NA,"nd2","not_found"
"AFMTDNA1435",NA,NA,"17925","Pyriglena","atra",NA,"nd2","not_found"
"AFMTDNA1436",NA,NA,"17926","Pyriglena","atra",NA,"nd2","not_found"
"AFMTDNA1437",NA,NA,"17927","Pyriglena","atra",NA,"nd2","not_found"
"AFMTDNA1438",NA,NA,"17928","Pyriglena","atra",NA,"nd2","not_found"
"AFMTDNA1439",NA,NA,"17929","Pyriglena","atra",NA,"nd2","not_found"
"AFMTDNA1440",NA,NA,"17931","Pyriglena","atra",NA,"nd2","not_found"
"AFMTDNA1441",NA,NA,"17934","Pyriglena","atra",NA,"nd2","not_found"
"AFMTDNA1442",NA,NA,"17930","Pyriglena","atra",NA,"nd2","not_found"
"AFMTDNA1443",NA,NA,"17935","Pyriglena","atra",NA,"nd2","not_found"
"AFMTDNA1444",NA,NA,"17936","Pyriglena","atra",NA,"nd2","not_found"
"AFMTDNA1445",NA,NA,"17937","Pyriglena","atra",NA,"nd2","not_found"
"AFMTDNA1446",NA,NA,"18034","Pyriglena","atra",NA,"nd2","not_found"
"AFMTDNA1447",NA,NA,"18035","Pyriglena","atra",NA,"nd2","not_found"
"AFMTDNA1448",NA,NA,"18036","Pyriglena","atra",NA,"nd2","not_found"
"AFMTDNA1449",NA,NA,"18037","Pyriglena","atra",NA,"nd2","not_found"
"AFMTDNA1450",NA,NA,"18083","Pyriglena","atra",NA,"nd2","not_found"
"AFMTDNA1451",NA,NA,"18084","Pyriglena","atra",NA,"nd2","not_found"
"AFMTDNA1452",NA,NA,"18085","Pyriglena","atra",NA,"nd2","not_found"
"AFMTDNA1453",NA,NA,"18086","Pyriglena","atra",NA,"nd2","not_found"
"AFMTDNA1454",NA,NA,"18089","Pyriglena","atra",NA,"nd2","not_found"
"AFMTDNA1455",NA,NA,"18090","Pyriglena","atra",NA,"nd2","not_found"
"AFMTDNA1456",NA,NA,"18092","Pyriglena","atra",NA,"nd2","not_found"
"AFMTDNA1457",NA,NA,"18093","Pyriglena","atra",NA,"nd2","not_found"
"AFMTDNA1458",NA,NA,"18094","Pyriglena","atra",NA,"nd2","not_found"
"AFMTDNA1459",NA,NA,"18046","Pyriglena","atra",NA,"nd2","not_found"
"AFMTDNA1460",NA,NA,"18047","Pyriglena","atra",NA,"nd2","not_found"
"AFMTDNA1461",NA,NA,"18048","Pyriglena","atra",NA,"nd2","not_found"
"AFMTDNA1462",NA,NA,"18049","Pyriglena","atra",NA,"nd2","not_found"
"AFMTDNA1463",NA,NA,"18050","Pyriglena","atra",NA,"nd2","not_found"
"AFMTDNA1464",NA,NA,"18051","Pyriglena","atra",NA,"nd2","not_found"
"AFMTDNA1465",NA,NA,"18052","Pyriglena","atra",NA,"nd2","not_found"
"AFMTDNA1466",NA,NA,"18045","Pyriglena","atra",NA,"nd2","not_found"
"AFMTDNA1467",NA,NA,"18054","Pyriglena","atra",NA,"nd2","not_found"
"AFMTDNA1468",NA,NA,"18055","Pyriglena","atra",NA,"nd2","not_found"
"AFMTDNA1469",NA,NA,"18056","Pyriglena","atra",NA,"nd2","not_found"
"AFMTDNA1470",NA,NA,"18057","Pyriglena","atra",NA,"nd2","not_found"
"AFMTDNA1471",NA,NA,"18059","Pyriglena","atra",NA,"nd2","not_found"
"AFMTDNA1472",NA,NA,"18062","Pyriglena","atra",NA,"nd2","not_found"
"AFMTDNA1473",NA,NA,"18063","Pyriglena","atra",NA,"nd2","not_found"
"AFMTDNA1474",NA,NA,"18064","Pyriglena","atra",NA,"nd2","not_found"
"AFMTDNA1475",NA,NA,"18066","Pyriglena","atra",NA,"nd2","not_found"
"AFMTDNA1476",NA,NA,"18069","Pyriglena","atra",NA,"nd2","not_found"
"AFMTDNA1477",NA,NA,"18070","Pyriglena","atra",NA,"nd2","not_found"
"AFMTDNA1478",NA,NA,"18071","Pyriglena","atra",NA,"nd2","not_found"
"AFMTDNA1479",NA,NA,"P1D","Pyriglena","atra",NA,"nd2","not_found"
"AFMTDNA1480",NA,NA,"P3E","Pyriglena","atra",NA,"nd2","not_found"
"AFMTDNA1481",NA,NA,"P6D","Pyriglena","atra",NA,"nd2","not_found"
"AFMTDNA1482",NA,NA,"P7E","Pyriglena","atra",NA,"nd2","not_found"
"AFMTDNA1483",NA,NA,"P12D","Pyriglena","atra",NA,"nd2","not_found"
"AFMTDNA1484",NA,NA,"17096","Pyriglena","atra",NA,"nd2","not_found"
"AFMTDNA1485",NA,NA,"17097","Pyriglena","atra",NA,"nd2","not_found"
"AFMTDNA1486",NA,NA,"17098","Pyriglena","atra",NA,"nd2","not_found"
"AFMTDNA1487",NA,NA,"17099","Pyriglena","atra",NA,"nd2","not_found"
"AFMTDNA1488",NA,NA,"17100","Pyriglena","atra",NA,"nd2","not_found"
"AFMTDNA1489",NA,NA,"17101","Pyriglena","atra",NA,"nd2","not_found"
"AFMTDNA1490",NA,NA,"17102","Pyriglena","atra",NA,"nd2","not_found"
"AFMTDNA1491",NA,NA,"17103","Pyriglena","atra",NA,"nd2","not_found"
"AFMTDNA1492",NA,NA,"17104","Pyriglena","atra",NA,"nd2","not_found"
"AFMTDNA1493",NA,NA,"17105","Pyriglena","atra",NA,"nd2","not_found"
"AFMTDNA1494",NA,NA,"17106","Pyriglena","atra",NA,"nd2","not_found"
"AFMTDNA1495",NA,NA,"17107","Pyriglena","atra",NA,"nd2","not_found"
"AFMTDNA1496",NA,NA,"17108","Pyriglena","atra",NA,"nd2","not_found"
"AFMTDNA1497",NA,NA,"17932","Pyriglena","leucoptera",NA,"nd2","not_found"
"AFMTDNA1498",NA,NA,"17933","Pyriglena","leucoptera",NA,"nd2","not_found"
"AFMTDNA1499",NA,NA,"18001","Pyriglena","leucoptera",NA,"nd2","not_found"
"AFMTDNA1500",NA,NA,"18002","Pyriglena","leucoptera",NA,"nd2","not_found"
"AFMTDNA1501",NA,NA,"18003","Pyriglena","leucoptera",NA,"nd2","not_found"
"AFMTDNA1502",NA,NA,"18004","Pyriglena","leucoptera",NA,"nd2","not_found"
"AFMTDNA1503",NA,NA,"2662","Pyriglena","leucoptera",NA,"nd2","not_found"
"AFMTDNA1504",NA,NA,"17938","Pyriglena","leucoptera",NA,"nd2","not_found"
"AFMTDNA1505",NA,NA,"18005","Pyriglena","leucoptera",NA,"nd2","not_found"
"AFMTDNA1506",NA,NA,"18006","Pyriglena","leucoptera",NA,"nd2","not_found"
"AFMTDNA1507",NA,NA,"18007","Pyriglena","leucoptera",NA,"nd2","not_found"
"AFMTDNA1508",NA,NA,"18008","Pyriglena","leucoptera",NA,"nd2","not_found"
"AFMTDNA1509",NA,NA,"18009","Pyriglena","leucoptera",NA,"nd2","not_found"
"AFMTDNA1510",NA,NA,"18010","Pyriglena","leucoptera",NA,"nd2","not_found"
"AFMTDNA1511",NA,NA,"18011","Pyriglena","leucoptera",NA,"nd2","not_found"
"AFMTDNA1512",NA,NA,"18012","Pyriglena","leucoptera",NA,"nd2","not_found"
"AFMTDNA1513",NA,NA,"18013","Pyriglena","leucoptera",NA,"nd2","not_found"
"AFMTDNA1514",NA,NA,"16814","Pyriglena","leucoptera",NA,"nd2","not_found"
"AFMTDNA1515",NA,NA,"16816","Pyriglena","leucoptera",NA,"nd2","not_found"
"AFMTDNA1516",NA,NA,"16822","Pyriglena","leucoptera",NA,"nd2","not_found"
"AFMTDNA1517",NA,NA,"16830","Pyriglena","leucoptera",NA,"nd2","not_found"
"AFMTDNA1518",NA,NA,"16831","Pyriglena","leucoptera",NA,"nd2","not_found"
"AFMTDNA1519",NA,NA,"16832","Pyriglena","leucoptera",NA,"nd2","not_found"
"AFMTDNA1520",NA,NA,"16833","Pyriglena","leucoptera",NA,"nd2","not_found"
"AFMTDNA1521",NA,NA,"16834","Pyriglena","leucoptera",NA,"nd2","not_found"
"AFMTDNA1522",NA,NA,"16835","Pyriglena","leucoptera",NA,"nd2","not_found"
"AFMTDNA1523",NA,NA,"16836","Pyriglena","leucoptera",NA,"nd2","not_found"
"AFMTDNA1524",NA,NA,"16837","Pyriglena","leucoptera",NA,"nd2","not_found"
"AFMTDNA1525",NA,NA,"2630","Pyriglena","leucoptera",NA,"nd2","not_found"
"AFMTDNA1526",NA,NA,"2631","Pyriglena","leucoptera",NA,"nd2","not_found"
"AFMTDNA1527",NA,NA,"2632","Pyriglena","leucoptera",NA,"nd2","not_found"
"AFMTDNA1528",NA,NA,"2633","Pyriglena","leucoptera",NA,"nd2","not_found"
"AFMTDNA1529",NA,NA,"2634","Pyriglena","leucoptera",NA,"nd2","not_found"
"AFMTDNA1530",NA,NA,"2635","Pyriglena","leucoptera",NA,"nd2","not_found"
"AFMTDNA1531",NA,NA,"2636","Pyriglena","leucoptera",NA,"nd2","not_found"
"AFMTDNA1532",NA,NA,"2639","Pyriglena","leucoptera",NA,"nd2","not_found"
"AFMTDNA1533",NA,NA,"2656","Pyriglena","leucoptera",NA,"nd2","not_found"
"AFMTDNA1534",NA,NA,"2657","Pyriglena","leucoptera",NA,"nd2","not_found"
"AFMTDNA1535",NA,NA,"11354","Pyriglena","leucoptera",NA,"nd2","not_found"
"AFMTDNA1536",NA,NA,"11355","Pyriglena","leucoptera",NA,"nd2","not_found"
"AFMTDNA1537",NA,NA,"11356","Pyriglena","leucoptera",NA,"nd2","not_found"
"AFMTDNA1538",NA,NA,"11357","Pyriglena","leucoptera",NA,"nd2","not_found"
"AFMTDNA1539",NA,NA,"11358","Pyriglena","leucoptera",NA,"nd2","not_found"
"AFMTDNA1540",NA,NA,"11359","Pyriglena","leucoptera",NA,"nd2","not_found"
"AFMTDNA1541",NA,NA,"11360","Pyriglena","leucoptera",NA,"nd2","not_found"
"AFMTDNA1543",NA,NA,"11361","Pyriglena","leucoptera",NA,"nd2","not_found"
"AFMTDNA1544",NA,NA,"14967","Pyriglena","leucoptera",NA,"nd2","not_found"
"AFMTDNA1545",NA,NA,"14981","Pyriglena","leucoptera",NA,"nd2","not_found"
"AFMTDNA1546",NA,NA,"14990","Pyriglena","leucoptera",NA,"nd2","not_found"
"AFMTDNA1547",NA,NA,"14991","Pyriglena","leucoptera",NA,"nd2","not_found"
"AFMTDNA1548",NA,NA,"14996","Pyriglena","leucoptera",NA,"nd2","not_found"
"AFMTDNA1549",NA,NA,"15001","Pyriglena","leucoptera",NA,"nd2","not_found"
"AFMTDNA1550",NA,NA,"BA763","Pyriglena","leucoptera",NA,"nd2","not_found"
"AFMTDNA1551",NA,NA,"11348","Pyriglena","leucoptera",NA,"nd2","not_found"
"AFMTDNA1552",NA,NA,"11349","Pyriglena","leucoptera",NA,"nd2","not_found"
"AFMTDNA1553",NA,NA,"11350","Pyriglena","leucoptera",NA,"nd2","not_found"
"AFMTDNA1554",NA,NA,"11351","Pyriglena","leucoptera",NA,"nd2","not_found"
"AFMTDNA1555",NA,NA,"11352","Pyriglena","leucoptera",NA,"nd2","not_found"
"AFMTDNA1556",NA,NA,"11353","Pyriglena","leucoptera",NA,"nd2","not_found"
"AFMTDNA1557",NA,NA,"16840","Pyriglena","leucoptera",NA,"nd2","not_found"
"AFMTDNA1558",NA,NA,"16845","Pyriglena","leucoptera",NA,"nd2","not_found"
"AFMTDNA1559",NA,NA,"16846","Pyriglena","leucoptera",NA,"nd2","not_found"
"AFMTDNA1560",NA,NA,"16853","Pyriglena","leucoptera",NA,"nd2","not_found"
"AFMTDNA1561",NA,NA,"16854","Pyriglena","leucoptera",NA,"nd2","not_found"
"AFMTDNA1562",NA,NA,"16862","Pyriglena","leucoptera",NA,"nd2","not_found"
"AFMTDNA1563",NA,NA,"16864","Pyriglena","leucoptera",NA,"nd2","not_found"
"AFMTDNA1564",NA,NA,"16865","Pyriglena","leucoptera",NA,"nd2","not_found"
"AFMTDNA1565",NA,NA,"16872","Pyriglena","leucoptera",NA,"nd2","not_found"
"AFMTDNA1566",NA,NA,"16877","Pyriglena","leucoptera",NA,"nd2","not_found"
"AFMTDNA1567",NA,NA,"16878","Pyriglena","leucoptera",NA,"nd2","not_found"
"AFMTDNA1568",NA,NA,"16879","Pyriglena","leucoptera",NA,"nd2","not_found"
"AFMTDNA1569",NA,NA,"16880","Pyriglena","leucoptera",NA,"nd2","not_found"
"AFMTDNA1570",NA,NA,"18126","Pyriglena","leucoptera",NA,"nd2","not_found"
"AFMTDNA1571",NA,NA,"16725","Pyriglena","leucoptera",NA,"nd2","not_found"
"AFMTDNA1572",NA,NA,"16726","Pyriglena","leucoptera",NA,"nd2","not_found"
"AFMTDNA1573",NA,NA,"16751","Pyriglena","leucoptera",NA,"nd2","not_found"
"AFMTDNA1574",NA,NA,"16754","Pyriglena","leucoptera",NA,"nd2","not_found"
"AFMTDNA1575",NA,NA,"16776","Pyriglena","leucoptera",NA,"nd2","not_found"
"AFMTDNA1576",NA,NA,"16777","Pyriglena","leucoptera",NA,"nd2","not_found"
"AFMTDNA1577",NA,NA,"16779","Pyriglena","leucoptera",NA,"nd2","not_found"
"AFMTDNA1578",NA,NA,"16781","Pyriglena","leucoptera",NA,"nd2","not_found"
"AFMTDNA1579",NA,NA,"16784","Pyriglena","leucoptera",NA,"nd2","not_found"
"AFMTDNA1580","MNRJ","2056","MNRJ2056","Pyriglena","leucoptera",NA,"nd2","not_found"
"AFMTDNA1581","MNRJ","1674","MNRJ1674","Pyriglena","leucoptera",NA,"nd2","not_found"
"AFMTDNA1582","MNRJ","2105","MNRJ2105","Pyriglena","leucoptera",NA,"nd2","not_found"
"AFMTDNA1583","MNRJ","2107","MNRJ2107","Pyriglena","leucoptera",NA,"nd2","not_found"
"AFMTDNA1584","MNRJ","2106","MNRJ2106","Pyriglena","leucoptera",NA,"nd2","not_found"
"AFMTDNA1585","MNRJ","2102","MNRJ2102","Pyriglena","leucoptera",NA,"nd2","not_found"
"AFMTDNA1586","MNRJ","2101","MNRJ2101","Pyriglena","leucoptera",NA,"nd2","not_found"
"AFMTDNA1587","MNRJ","2100","MNRJ2100","Pyriglena","leucoptera",NA,"nd2","not_found"
"AFMTDNA1588","MNRJ","2099","MNRJ2099","Pyriglena","leucoptera",NA,"nd2","not_found"
"AFMTDNA1589","MNRJ","2098","MNRJ2098","Pyriglena","leucoptera",NA,"nd2","not_found"
"AFMTDNA1590","MNRJ","2066","MNRJ2066","Pyriglena","leucoptera",NA,"nd2","not_found"
"AFMTDNA1591","MNRJ","2043","MNRJ2043","Pyriglena","leucoptera",NA,"nd2","not_found"
"AFMTDNA1592",NA,NA,"14780","Pyriglena","leucoptera",NA,"nd2","not_found"
"AFMTDNA1593",NA,NA,"14781","Pyriglena","leucoptera",NA,"nd2","not_found"
"AFMTDNA1594",NA,NA,"14793","Pyriglena","leucoptera",NA,"nd2","not_found"
"AFMTDNA1595",NA,NA,"14817","Pyriglena","leucoptera",NA,"nd2","not_found"
"AFMTDNA1596",NA,NA,"14825","Pyriglena","leucoptera",NA,"nd2","not_found"
"AFMTDNA1597",NA,NA,"14827","Pyriglena","leucoptera",NA,"nd2","not_found"
"AFMTDNA1598",NA,NA,"14841","Pyriglena","leucoptera",NA,"nd2","not_found"
"AFMTDNA1599",NA,NA,"14842","Pyriglena","leucoptera",NA,"nd2","not_found"
"AFMTDNA1600",NA,NA,"14852","Pyriglena","leucoptera",NA,"nd2","not_found"
"AFMTDNA1601",NA,NA,"14861","Pyriglena","leucoptera",NA,"nd2","not_found"
"AFMTDNA1602",NA,NA,"16120","Pyriglena","leucoptera",NA,"nd2","not_found"
"AFMTDNA1603",NA,NA,"18133","Pyriglena","leucoptera",NA,"nd2","not_found"
"AFMTDNA1604",NA,NA,"18134","Pyriglena","leucoptera",NA,"nd2","not_found"
"AFMTDNA1605",NA,NA,"18135","Pyriglena","leucoptera",NA,"nd2","not_found"
"AFMTDNA1606",NA,NA,"16685","Pyriglena","leucoptera",NA,"nd2","not_found"
"AFMTDNA1607",NA,NA,"16702","Pyriglena","leucoptera",NA,"nd2","not_found"
"AFMTDNA1608",NA,NA,"16703","Pyriglena","leucoptera",NA,"nd2","not_found"
"AFMTDNA1609",NA,NA,"16704","Pyriglena","leucoptera",NA,"nd2","not_found"
"AFMTDNA1610",NA,NA,"16705","Pyriglena","leucoptera",NA,"nd2","not_found"
"AFMTDNA1611",NA,NA,"16706","Pyriglena","leucoptera",NA,"nd2","not_found"
"AFMTDNA1612",NA,NA,"16708","Pyriglena","leucoptera",NA,"nd2","not_found"
"AFMTDNA1613",NA,NA,"16709","Pyriglena","leucoptera",NA,"nd2","not_found"
"AFMTDNA1614",NA,NA,"16710","Pyriglena","leucoptera",NA,"nd2","not_found"
"AFMTDNA1615",NA,NA,"16711","Pyriglena","leucoptera",NA,"nd2","not_found"
"AFMTDNA1616",NA,NA,"11341","Pyriglena","leucoptera",NA,"nd2","not_found"
"AFMTDNA1617",NA,NA,"11342","Pyriglena","leucoptera",NA,"nd2","not_found"
"AFMTDNA1618",NA,NA,"11343","Pyriglena","leucoptera",NA,"nd2","not_found"
"AFMTDNA1619",NA,NA,"11344","Pyriglena","leucoptera",NA,"nd2","not_found"
"AFMTDNA1620",NA,NA,"11345","Pyriglena","leucoptera",NA,"nd2","not_found"
"AFMTDNA1621",NA,NA,"11347","Pyriglena","leucoptera",NA,"nd2","not_found"
"AFMTDNA1622",NA,NA,"70727","Pyriglena","leucoptera",NA,"nd2","not_found"
"AFMTDNA1623",NA,NA,"16557","Pyriglena","leucoptera",NA,"nd2","not_found"
"AFMTDNA1624",NA,NA,"16560","Pyriglena","leucoptera",NA,"nd2","not_found"
"AFMTDNA1625",NA,NA,"16575","Pyriglena","leucoptera",NA,"nd2","not_found"
"AFMTDNA1626",NA,NA,"16596","Pyriglena","leucoptera",NA,"nd2","not_found"
"AFMTDNA1627",NA,NA,"16619","Pyriglena","leucoptera",NA,"nd2","not_found"
"AFMTDNA1628",NA,NA,"16620","Pyriglena","leucoptera",NA,"nd2","not_found"
"AFMTDNA1629",NA,NA,"16621","Pyriglena","leucoptera",NA,"nd2","not_found"
"AFMTDNA1630",NA,NA,"16622","Pyriglena","leucoptera",NA,"nd2","not_found"
"AFMTDNA1631",NA,NA,"16623","Pyriglena","leucoptera",NA,"nd2","not_found"
"AFMTDNA1632",NA,NA,"16624","Pyriglena","leucoptera",NA,"nd2","not_found"
"AFMTDNA1633",NA,NA,"16662","Pyriglena","leucoptera",NA,"nd2","not_found"
"AFMTDNA1634",NA,NA,"16663","Pyriglena","leucoptera",NA,"nd2","not_found"
"AFMTDNA1635",NA,NA,"16664","Pyriglena","leucoptera",NA,"nd2","not_found"
"AFMTDNA1636",NA,NA,"71865","Pyriglena","leucoptera",NA,"nd2","not_found"
"AFMTDNA1637",NA,NA,"71866","Pyriglena","leucoptera",NA,"nd2","not_found"
"AFMTDNA1638",NA,NA,"90997","Pyriglena","leucoptera",NA,"nd2","not_found"
"AFMTDNA1639",NA,NA,"90998","Pyriglena","leucoptera",NA,"nd2","not_found"
"AFMTDNA1640",NA,NA,"90999","Pyriglena","leucoptera",NA,"nd2","not_found"
"AFMTDNA1641",NA,NA,"91000","Pyriglena","leucoptera",NA,"nd2","not_found"
"AFMTDNA1642",NA,NA,"91001","Pyriglena","leucoptera",NA,"nd2","not_found"
"AFMTDNA1644","MZUFV","1717/1503","MZUFV 1717/1503","Pyriglena","leucoptera",NA,"nd2","not_found"
"AFMTDNA1645","MZUFV","1718/1504","MZUFV 1718/1504","Pyriglena","leucoptera",NA,"nd2","not_found"
"AFMTDNA1648",NA,NA,"11337","Pyriglena","leucoptera",NA,"nd2","not_found"
"AFMTDNA1649",NA,NA,"11338","Pyriglena","leucoptera",NA,"nd2","not_found"
"AFMTDNA1650",NA,NA,"11339","Pyriglena","leucoptera",NA,"nd2","not_found"
"AFMTDNA1652",NA,NA,"1709","Pyriglena","leucoptera",NA,"nd2","not_found"
"AFMTDNA1653",NA,NA,"1710","Pyriglena","leucoptera",NA,"nd2","not_found"
"AFMTDNA1654",NA,NA,"11303","Pyriglena","leucoptera",NA,"nd2","not_found"
"AFMTDNA1655",NA,NA,"11306","Pyriglena","leucoptera",NA,"nd2","not_found"
"AFMTDNA1656",NA,NA,"11307","Pyriglena","leucoptera",NA,"nd2","not_found"
"AFMTDNA1657",NA,NA,"18106","Pyriglena","leucoptera",NA,"nd2","not_found"
"AFMTDNA1658",NA,NA,"15445","Pyriglena","leucoptera",NA,"nd2","not_found"
"AFMTDNA1659",NA,NA,"15500","Pyriglena","leucoptera",NA,"nd2","not_found"
"AFMTDNA1660",NA,NA,"15501","Pyriglena","leucoptera",NA,"nd2","not_found"
"AFMTDNA1661",NA,NA,"15510","Pyriglena","leucoptera",NA,"nd2","not_found"
"AFMTDNA1662",NA,NA,"15511","Pyriglena","leucoptera",NA,"nd2","not_found"
"AFMTDNA1663",NA,NA,"15516","Pyriglena","leucoptera",NA,"nd2","not_found"
"AFMTDNA1664",NA,NA,"15533","Pyriglena","leucoptera",NA,"nd2","not_found"
"AFMTDNA1665",NA,NA,"15535","Pyriglena","leucoptera",NA,"nd2","not_found"
"AFMTDNA1666",NA,NA,"15536","Pyriglena","leucoptera",NA,"nd2","not_found"
"AFMTDNA1669","MZUFV","1697","MZUFV 1697","Pyriglena","leucoptera",NA,"nd2","not_found"
"AFMTDNA1670","MZUFV","1698","MZUFV 1698","Pyriglena","leucoptera",NA,"nd2","not_found"
"AFMTDNA1671","MZUFV","1699","MZUFV 1699","Pyriglena","leucoptera",NA,"nd2","not_found"
"AFMTDNA1672",NA,NA,"18097","Pyriglena","leucoptera",NA,"nd2","not_found"
"AFMTDNA1673",NA,NA,"18101","Pyriglena","leucoptera",NA,"nd2","not_found"
"AFMTDNA1674",NA,NA,"18104","Pyriglena","leucoptera",NA,"nd2","not_found"
"AFMTDNA1675",NA,NA,"11329","Pyriglena","leucoptera",NA,"nd2","not_found"
"AFMTDNA1676",NA,NA,"11330","Pyriglena","leucoptera",NA,"nd2","not_found"
"AFMTDNA1677",NA,NA,"11331","Pyriglena","leucoptera",NA,"nd2","not_found"
"AFMTDNA1678",NA,NA,"11332","Pyriglena","leucoptera",NA,"nd2","not_found"
"AFMTDNA1679",NA,NA,"11333","Pyriglena","leucoptera",NA,"nd2","not_found"
"AFMTDNA1680",NA,NA,"11334","Pyriglena","leucoptera",NA,"nd2","not_found"
"AFMTDNA1681",NA,NA,"11335","Pyriglena","leucoptera",NA,"nd2","not_found"
"AFMTDNA1682",NA,NA,"11336","Pyriglena","leucoptera",NA,"nd2","not_found"
"AFMTDNA1683",NA,NA,"18015","Pyriglena","leucoptera",NA,"nd2","not_found"
"AFMTDNA1684",NA,NA,"18017","Pyriglena","leucoptera",NA,"nd2","not_found"
"AFMTDNA1685",NA,NA,"18018","Pyriglena","leucoptera",NA,"nd2","not_found"
"AFMTDNA1686",NA,NA,"18019","Pyriglena","leucoptera",NA,"nd2","not_found"
"AFMTDNA1687",NA,NA,"18020","Pyriglena","leucoptera",NA,"nd2","not_found"
"AFMTDNA1688",NA,NA,"18021","Pyriglena","leucoptera",NA,"nd2","not_found"
"AFMTDNA1689",NA,NA,"18022","Pyriglena","leucoptera",NA,"nd2","not_found"
"AFMTDNA1690",NA,NA,"18023","Pyriglena","leucoptera",NA,"nd2","not_found"
"AFMTDNA1691",NA,NA,"18025","Pyriglena","leucoptera",NA,"nd2","not_found"
"AFMTDNA1692",NA,NA,"18026","Pyriglena","leucoptera",NA,"nd2","not_found"
"AFMTDNA1693",NA,NA,"18030","Pyriglena","leucoptera",NA,"nd2","not_found"
"AFMTDNA1694",NA,NA,"18031","Pyriglena","leucoptera",NA,"nd2","not_found"
"AFMTDNA1695",NA,NA,"18033","Pyriglena","leucoptera",NA,"nd2","not_found"
"AFMTDNA1696",NA,NA,"18125","Pyriglena","leucoptera",NA,"nd2","not_found"
"AFMTDNA1697",NA,NA,"11326","Pyriglena","leucoptera",NA,"nd2","not_found"
"AFMTDNA1698",NA,NA,"11327","Pyriglena","leucoptera",NA,"nd2","not_found"
"AFMTDNA1699",NA,NA,"11328","Pyriglena","leucoptera",NA,"nd2","not_found"
"AFMTDNA1700",NA,NA,"18124","Pyriglena","leucoptera",NA,"nd2","not_found"
"AFMTDNA1701",NA,NA,"11311","Pyriglena","leucoptera",NA,"nd2","not_found"
"AFMTDNA1702",NA,NA,"11313","Pyriglena","leucoptera",NA,"nd2","not_found"
"AFMTDNA1703",NA,NA,"11315","Pyriglena","leucoptera",NA,"nd2","not_found"
"AFMTDNA1704",NA,NA,"MF 1316","Pyriglena","leucoptera",NA,"nd2","not_found"
"AFMTDNA1705",NA,NA,"11324","Pyriglena","leucoptera",NA,"nd2","not_found"
"AFMTDNA1706",NA,NA,"11325","Pyriglena","leucoptera",NA,"nd2","not_found"
"AFMTDNA1707",NA,NA,"18122","Pyriglena","leucoptera",NA,"nd2","not_found"
"AFMTDNA1708",NA,NA,"11317","Pyriglena","leucoptera",NA,"nd2","not_found"
"AFMTDNA1709",NA,NA,"11318","Pyriglena","leucoptera",NA,"nd2","not_found"
"AFMTDNA1710",NA,NA,"18098","Pyriglena","leucoptera",NA,"nd2","not_found"
"AFMTDNA1711",NA,NA,"18100","Pyriglena","leucoptera",NA,"nd2","not_found"
"AFMTDNA1712",NA,NA,"18107","Pyriglena","leucoptera",NA,"nd2","not_found"
"AFMTDNA1713",NA,NA,"18108","Pyriglena","leucoptera",NA,"nd2","not_found"
"AFMTDNA1714",NA,NA,"18111","Pyriglena","leucoptera",NA,"nd2","not_found"
"AFMTDNA1715",NA,NA,"18112","Pyriglena","leucoptera",NA,"nd2","not_found"
"AFMTDNA1716",NA,NA,"18113","Pyriglena","leucoptera",NA,"nd2","not_found"
"AFMTDNA1717",NA,NA,"18114","Pyriglena","leucoptera",NA,"nd2","not_found"
"AFMTDNA1718",NA,NA,"18116","Pyriglena","leucoptera",NA,"nd2","not_found"
"AFMTDNA1719",NA,NA,"18117","Pyriglena","leucoptera",NA,"nd2","not_found"
"AFMTDNA1720",NA,NA,"11319","Pyriglena","leucoptera",NA,"nd2","not_found"
"AFMTDNA1721",NA,NA,"11320","Pyriglena","leucoptera",NA,"nd2","not_found"
"AFMTDNA1722",NA,NA,"11321","Pyriglena","leucoptera",NA,"nd2","not_found"
"AFMTDNA1723",NA,NA,"11322","Pyriglena","leucoptera",NA,"nd2","not_found"
"AFMTDNA1724",NA,NA,"18118","Pyriglena","leucoptera",NA,"nd2","not_found"
"AFMTDNA1725",NA,NA,"18119","Pyriglena","leucoptera",NA,"nd2","not_found"
"AFMTDNA1726",NA,NA,"18120","Pyriglena","leucoptera",NA,"nd2","not_found"
"AFMTDNA1727",NA,NA,"1768","Pyriglena","leucoptera",NA,"nd2","not_found"
"AFMTDNA1728",NA,NA,"DZ6774","Pyriglena","leucoptera",NA,"nd2","not_found"
"AFMTDNA1729",NA,NA,"18099","Pyriglena","leucoptera",NA,"nd2","not_found"
"AFMTDNA1730",NA,NA,"18136","Pyriglena","leucoptera",NA,"nd2","not_found"
"AFMTDNA1731",NA,NA,"11362","Pyriglena","leucoptera",NA,"nd2","not_found"
"AFMTDNA1732",NA,NA,"11363","Pyriglena","leucoptera",NA,"nd2","not_found"
"AFMTDNA1733",NA,NA,"11365","Pyriglena","leucoptera",NA,"nd2","not_found"
"AFMTDNA1734",NA,NA,"11366","Pyriglena","leucoptera",NA,"nd2","not_found"
"AFMTDNA1735",NA,NA,"11367","Pyriglena","leucoptera",NA,"nd2","not_found"
"AFMTDNA1736",NA,NA,"11384","Pyriglena","leucoptera",NA,"nd2","not_found"
"AFMTDNA1737",NA,NA,"11386","Pyriglena","leucoptera",NA,"nd2","not_found"
"AFMTDNA1738",NA,NA,"18128","Pyriglena","leucoptera",NA,"nd2","not_found"
"AFMTDNA1739",NA,NA,"18129","Pyriglena","leucoptera",NA,"nd2","not_found"
"AFMTDNA1740",NA,NA,"18130","Pyriglena","leucoptera",NA,"nd2","not_found"
"AFMTDNA1741","UFMG","4490","DZ UFMG 4490","Pyriglena","leucoptera",NA,"nd2","not_found"
"AFMTDNA1743",NA,NA,"11376","Pyriglena","leucoptera",NA,"nd2","not_found"
"AFMTDNA1744",NA,NA,"11377","Pyriglena","leucoptera",NA,"nd2","not_found"
"AFMTDNA1745",NA,NA,"11378","Pyriglena","leucoptera",NA,"nd2","not_found"
"AFMTDNA1746",NA,NA,"11379","Pyriglena","leucoptera",NA,"nd2","not_found"
"AFMTDNA1747",NA,NA,"11380","Pyriglena","leucoptera",NA,"nd2","not_found"
"AFMTDNA1748",NA,NA,"11381","Pyriglena","leucoptera",NA,"nd2","not_found"
"AFMTDNA1749",NA,NA,"11382","Pyriglena","leucoptera",NA,"nd2","not_found"
"AFMTDNA1750",NA,NA,"11383","Pyriglena","leucoptera",NA,"nd2","not_found"
"AFMTDNA1751",NA,NA,"1747","Pyriglena","leucoptera",NA,"nd2","not_found"
"AFMTDNA1752",NA,NA,"1748","Pyriglena","leucoptera",NA,"nd2","not_found"
"AFMTDNA1753",NA,NA,"10537","Pyriglena","leucoptera",NA,"nd2","not_found"
"AFMTDNA1754",NA,NA,"11369","Pyriglena","leucoptera",NA,"nd2","not_found"
"AFMTDNA1755",NA,NA,"11370","Pyriglena","leucoptera",NA,"nd2","not_found"
"AFMTDNA1756",NA,NA,"11371","Pyriglena","leucoptera",NA,"nd2","not_found"
"AFMTDNA1757",NA,NA,"11372","Pyriglena","leucoptera",NA,"nd2","not_found"
"AFMTDNA1758",NA,NA,"11373","Pyriglena","leucoptera",NA,"nd2","not_found"
"AFMTDNA1759",NA,NA,"11374","Pyriglena","leucoptera",NA,"nd2","not_found"
"AFMTDNA1760",NA,NA,"11375","Pyriglena","leucoptera",NA,"nd2","not_found"
"AFMTDNA1761",NA,NA,"2071","Pyriglena","leucoptera",NA,"nd2","not_found"
"AFMTDNA1762",NA,NA,"2381","Pyriglena","leucoptera",NA,"nd2","not_found"
"AFMTDNA1763",NA,NA,"11387","Pyriglena","leucoptera",NA,"nd2","not_found"
"AFMTDNA1764",NA,NA,"11388","Pyriglena","leucoptera",NA,"nd2","not_found"
"AFMTDNA1765",NA,NA,"11389","Pyriglena","leucoptera",NA,"nd2","not_found"
"AFMTDNA1766",NA,NA,"11390","Pyriglena","leucoptera",NA,"nd2","not_found"
"AFMTDNA1767",NA,NA,"11391","Pyriglena","leucoptera",NA,"nd2","not_found"
"AFMTDNA1768",NA,NA,"11392","Pyriglena","leucoptera",NA,"nd2","not_found"
"AFMTDNA1769",NA,NA,"11393","Pyriglena","leucoptera",NA,"nd2","not_found"
"AFMTDNA1770",NA,NA,"S299","Pyriglena","leucoptera",NA,"nd2","not_found"
"AFMTDNA1771",NA,NA,"S300","Pyriglena","leucoptera",NA,"nd2","not_found"
"AFMTDNA1772",NA,NA,"S303","Pyriglena","leucoptera",NA,"nd2","not_found"
"AFMTDNA1773",NA,NA,"S305","Pyriglena","leucoptera",NA,"nd2","not_found"
"AFMTDNA1774",NA,NA,"S181","Pyriglena","leucoptera",NA,"nd2","not_found"
"AFMTDNA1775",NA,NA,"S182","Pyriglena","leucoptera",NA,"nd2","not_found"
"AFMTDNA1776",NA,NA,"S183","Pyriglena","leucoptera",NA,"nd2","not_found"
"AFMTDNA1777",NA,NA,"S185","Pyriglena","leucoptera",NA,"nd2","not_found"
"AFMTDNA1778",NA,NA,"S187","Pyriglena","leucoptera",NA,"nd2","not_found"
"AFMTDNA1779",NA,NA,"15565","Pyriglena","leucoptera",NA,"nd2","not_found"
"AFMTDNA1780",NA,NA,"15582","Pyriglena","leucoptera",NA,"nd2","not_found"
"AFMTDNA1781",NA,NA,"15638","Pyriglena","leucoptera",NA,"nd2","not_found"
"AFMTDNA1782",NA,NA,"15647","Pyriglena","leucoptera",NA,"nd2","not_found"
"AFMTDNA1783",NA,NA,"15663","Pyriglena","leucoptera",NA,"nd2","not_found"
"AFMTDNA1784",NA,NA,"395430","Pyriglena","leucoptera",NA,"nd2","not_found"
"AFMTDNA1786",NA,NA,"811","Pyriglena","leucoptera",NA,"nd2","not_found"
"AFMTDNA1787",NA,NA,"943","Pyriglena","leucoptera",NA,"nd2","not_found"
"AFMTDNA1788",NA,NA,"951","Pyriglena","leucoptera",NA,"nd2","not_found"
"AFMTDNA1789",NA,NA,"1001","Pyriglena","leucoptera",NA,"nd2","not_found"
"AFMTDNA1790",NA,NA,"1462","Pyriglena","leucoptera",NA,"nd2","not_found"
"AFMTDNA1791",NA,NA,"1473","Pyriglena","leucoptera",NA,"nd2","not_found"
"AFMTDNA1792",NA,NA,"2874","Pyriglena","leucoptera",NA,"nd2","not_found"
"AFMTDNA1793",NA,NA,"2882","Pyriglena","leucoptera",NA,"nd2","not_found"
"AFMTDNA1794",NA,NA,"2896","Pyriglena","leucoptera",NA,"nd2","not_found"
"AFMTDNA1795",NA,NA,"3052","Pyriglena","leucoptera",NA,"nd2","not_found"
"AFMTDNA1796",NA,NA,"3056","Pyriglena","leucoptera",NA,"nd2","not_found"
"AFMTDNA1797",NA,NA,"3067","Pyriglena","leucoptera",NA,"nd2","not_found"
"AFMTDNA1798",NA,NA,"3080","Pyriglena","leucoptera",NA,"nd2","not_found"
"AFMTDNA1799",NA,NA,"3081","Pyriglena","leucoptera",NA,"nd2","not_found"
"AFMTDNA1800",NA,NA,"3082","Pyriglena","leucoptera",NA,"nd2","not_found"
"AFMTDNA1801",NA,NA,"3089","Pyriglena","leucoptera",NA,"nd2","not_found"
"AFMTDNA1802",NA,NA,"3092","Pyriglena","leucoptera",NA,"nd2","not_found"
"AFMTDNA1803",NA,NA,"3093","Pyriglena","leucoptera",NA,"nd2","not_found"
"AFMTDNA1804",NA,NA,"3094","Pyriglena","leucoptera",NA,"nd2","not_found"
"AFMTDNA1805",NA,NA,"3100","Pyriglena","leucoptera",NA,"nd2","not_found"
"AFMTDNA1806",NA,NA,"3113","Pyriglena","leucoptera",NA,"nd2","not_found"
"AFMTDNA1807",NA,NA,"3116","Pyriglena","leucoptera",NA,"nd2","not_found"
"AFMTDNA1808",NA,NA,"3122","Pyriglena","leucoptera",NA,"nd2","not_found"
"AFMTDNA1809",NA,NA,"3155","Pyriglena","leucoptera",NA,"nd2","not_found"
"AFMTDNA1810",NA,NA,"3166","Pyriglena","leucoptera",NA,"nd2","not_found"
"AFMTDNA1811",NA,NA,"3195","Pyriglena","leucoptera",NA,"nd2","not_found"
"AFMTDNA1812",NA,NA,"3214","Pyriglena","leucoptera",NA,"nd2","not_found"
"AFMTDNA1813",NA,NA,"1065","Pyriglena","leucoptera",NA,"nd2","not_found"
"AFMTDNA1814",NA,NA,"1073","Pyriglena","leucoptera",NA,"nd2","not_found"
"AFMTDNA1815",NA,NA,"1253","Pyriglena","leucoptera",NA,"nd2","not_found"
"AFMTDNA1816",NA,NA,"2982","Pyriglena","leucoptera",NA,"nd2","not_found"
"AFMTDNA1817",NA,NA,"1121","Pyriglena","leucoptera",NA,"nd2","not_found"
"AFMTDNA1818",NA,NA,"1573","Pyriglena","leucoptera",NA,"nd2","not_found"
"AFMTDNA1819",NA,NA,"1579","Pyriglena","leucoptera",NA,"nd2","not_found"
"AFMTDNA1820",NA,NA,"1584","Pyriglena","leucoptera",NA,"nd2","not_found"
"AFMTDNA1821",NA,NA,"15071","Pyriglena","leucoptera",NA,"nd2","not_found"
"AFMTDNA1822",NA,NA,"15084","Pyriglena","leucoptera",NA,"nd2","not_found"
"AFMTDNA1823",NA,NA,"15107","Pyriglena","leucoptera",NA,"nd2","not_found"
"AFMTDNA1824",NA,NA,"15154","Pyriglena","leucoptera",NA,"nd2","not_found"
"AFMTDNA1825",NA,NA,"15183","Pyriglena","leucoptera",NA,"nd2","not_found"
"AFMTDNA1826",NA,NA,"15192","Pyriglena","leucoptera",NA,"nd2","not_found"
"AFMTDNA1827",NA,NA,"15236","Pyriglena","leucoptera",NA,"nd2","not_found"
"AFMTDNA1828",NA,NA,"16541","Pyriglena","leucoptera",NA,"nd2","not_found"
"AFMTDNA1829",NA,NA,"16543","Pyriglena","leucoptera",NA,"nd2","not_found"
"AFMTDNA1830",NA,NA,"11402","Pyriglena","leucoptera",NA,"nd2","not_found"
"AFMTDNA1831",NA,NA,"11403","Pyriglena","leucoptera",NA,"nd2","not_found"
"AFMTDNA1832",NA,NA,"11404","Pyriglena","leucoptera",NA,"nd2","not_found"
"AFMTDNA1833",NA,NA,"1607","Pyriglena","leucoptera",NA,"nd2","not_found"
"AFMTDNA1834",NA,NA,"1608","Pyriglena","leucoptera",NA,"nd2","not_found"
"AFMTDNA1835",NA,NA,"11401","Pyriglena","leucoptera",NA,"nd2","not_found"
"AFMTDNA1836",NA,NA,"11394","Pyriglena","leucoptera",NA,"nd2","not_found"
"AFMTDNA1837",NA,NA,"11396","Pyriglena","leucoptera",NA,"nd2","not_found"
"AFMTDNA1838",NA,NA,"11397","Pyriglena","leucoptera",NA,"nd2","not_found"
"AFMTDNA1839",NA,NA,"11398","Pyriglena","leucoptera",NA,"nd2","not_found"
"AFMTDNA1840",NA,NA,"18132","Pyriglena","leucoptera",NA,"nd2","not_found"
"AFMTDNA1841",NA,NA,"18157","Pyriglena","leucoptera",NA,"nd2","not_found"
"AFMTDNA1842",NA,NA,"303","Pyriglena","leucoptera",NA,"nd2","not_found"
"AFMTDNA1844",NA,NA,"3733","Pyriglena","leucoptera",NA,"nd2","not_found"
"AFMTDNA1845",NA,NA,"3843","Pyriglena","leucoptera",NA,"nd2","duplicate"
"AFMTDNA1846",NA,NA,"B25922","Pyriglena","leucoptera",NA,"nd2","not_found"
"AFMTDNA1847",NA,NA,"B25956","Pyriglena","leucoptera",NA,"nd2","not_found"
"AFMTDNA1848",NA,NA,"B25974","Pyriglena","leucoptera",NA,"nd2","not_found"
"AFMTDNA1849","AMNH","RTC 317","AMNH RTC 317","Pyriglena","leucoptera",NA,"nd2","not_found"
"AFMTDNA1872","LGEMA","P1989","P1989","Schiffornis","virescens",NA,"cr","not_found"
"AFMTDNA1905","LGEMA","10370M","10370M","Schiffornis","virescens",NA,"cr","not_found"
"AFMTDNA1989",NA,"B0262","B0262","Conopophaga","lineata",NA,"cr","not_found"
"AFMTDNA2115","MCNA PUC-Minas","3044",NA,"Hemitriccus","diops",NA,"nd2","not_found"
"AFMTDNA2116","MCNA PUC-Minas","3070",NA,"Hemitriccus","diops",NA,"nd2","not_found"
"AFMTDNA2117","MCNA PUC-Minas","3072",NA,"Hemitriccus","diops",NA,"nd2","not_found"
"AFMTDNA2118","MCNA PUC-Minas","3077",NA,"Hemitriccus","diops",NA,"nd2","not_found"
"AFMTDNA2242","PUC-RS","MCP1482",NA,"Chiroxiphia","caudata",NA,"nd2","duplicate"
"AFMTDNA2243","MPEG","79858","MPEG 79858","Caryothraustes","canadensis","brasiliensis","nd2","not_found"
"AFMTDNA2273","FMNH","399173","FMNH 399173","Picumnus","exilis","pernambucensis","nd2","duplicate"
"AFMTDNA2276","MZUSP","ML2730","MZUSP ML 2730","Picumnus","exilis","pernambucensis","nd2","not_found"
"AFMTDNA2277","MZUSP","ML2753","MZUSP ML 2753","Picumnus","exilis","pernambucensis","nd2","not_found"
"AFMTDNA2278","MZUSP","91332","MZUSP 91332","Picumnus","exilis",NA,"nd2","not_found"
"AFMTDNA2280","MZUSP","92167","MZUSP 92167","Platyrinchus","mystaceus","mystaceus","nd2","not_found"
"AFMTDNA2281","MZUSP","92484","MZUSP 92484","Platyrinchus","mystaceus","mystaceus","nd2","not_found"
"AFMTDNA2282","MZUSP","92485","MZUSP 92485","Platyrinchus","mystaceus","mystaceus","nd2","not_found"
"AFMTDNA2283","MZUSP","92486","MZUSP 92486","Platyrinchus","mystaceus","mystaceus","nd2","not_found"
"AFMTDNA2284","MZUSP","93536","MZUSP 93536","Platyrinchus","mystaceus","mystaceus","nd2","not_found"
"AFMTDNA2286","MZUSP","93538","MZUSP 93538","Platyrinchus","mystaceus","mystaceus","nd2","not_found"
"AFMTDNA2287","MZUSP","BOR14-46","MZUSP BOR 14-46","Platyrinchus","mystaceus","mystaceus","nd2","duplicate"
"AFMTDNA2289","MZUSP","SM4","MZUSP SM 04","Platyrinchus","mystaceus","mystaceus","nd2","not_found"
"AFMTDNA2290","MZUSP","MCP","MZUSP MCP 3089","Platyrinchus","mystaceus","mystaceus","nd2","duplicate"
"AFMTDNA2293","MPEG","71881","MPEG 71881","Platyrinchus","mystaceus","mystaceus","nd2","not_found"
"AFMTDNA2300","MZUSP","90971","MZUSP 90971","Platyrinchus","mystaceus","mystaceus","nd2","not_found"
"AFMTDNA2307","MZUSP","90978","MZUSP 90978","Platyrinchus","mystaceus","mystaceus","nd2","not_found"
"AFMTDNA2315","MZUSP","91685","MZUSP 91685","Platyrinchus","mystaceus","mystaceus","nd2","not_found"
"AFMTDNA2321","MZUSP","92173","MZUSP 92173","Platyrinchus","mystaceus","mystaceus","nd2","not_found"
"AFMTDNA2325","MZUSP","92490","MZUSP 92490","Platyrinchus","mystaceus","mystaceus","nd2","not_found"
"AFMTDNA2333","MZUSP","93233","MZUSP 93233","Platyrinchus","mystaceus","mystaceus","nd2","not_found"
"AFMTDNA2335","MZUSP","BOR-14-02","MZUSP BOR-14-02","Platyrinchus","mystaceus","mystaceus","nd2","not_found"
"AFMTDNA2336","MZUSP","BOR-14-03","MZUSP BOR-14-03","Platyrinchus","mystaceus","mystaceus","nd2","not_found"
"AFMTDNA2339","MZUSP","MCP5493","MZUSP MCP 5493","Platyrinchus","mystaceus","cancromus","nd2","duplicate"
"AFMTDNA2340","MZUSP","MCP5495","MZUSP MCP 5495","Platyrinchus","mystaceus","cancromus","nd2","duplicate"
"AFMTDNA2341","MZUSP","MCP5514","MZUSP MCP 5514","Platyrinchus","mystaceus","cancromus","nd2","not_found"
"AFMTDNA2342","MZUSP","MCP5527","MZUSP MCP 5527","Platyrinchus","mystaceus","cancromus","nd2","duplicate"
"AFMTDNA2344","MPEG","DZ6768","MPEG DZ 6768","Platyrinchus","mystaceus","mystaceus","nd2","duplicate"
"AFMTDNA2345","MPEG","DZ4935","MPEG DZ 4935","Platyrinchus","mystaceus","mystaceus","nd2","not_found"
"AFMTDNA2346","MPEG","DZ5020","MPEG DZ 5020","Platyrinchus","mystaceus","mystaceus","nd2","duplicate"
"AFMTDNA2347","MPEG","DZ6769","MPEG DZ 6769","Platyrinchus","mystaceus","mystaceus","nd2","duplicate"
"AFMTDNA2348","MPEG","DZ6772","MPEG DZ 6772","Platyrinchus","mystaceus","mystaceus","nd2","duplicate"
"AFMTDNA2349","MPEG","CFL-CO122","MPEG CFL-CO 122","Platyrinchus","mystaceus","mystaceus","nd2","not_found"
"AFMTDNA2351","MPEG","71977","MPEG 71977","Platyrinchus","mystaceus","cancromus","nd2","not_found"
"AFMTDNA2353","MPEG","DZ6772","MPEG DZ 6772","Platyrinchus","mystaceus","mystaceus","nd2","duplicate"
"AFMTDNA2354","MPEG","DZ6771","MPEG DZ 6771","Platyrinchus","mystaceus","cancromus","nd2","duplicate"
"AFMTDNA2355","MZUSP","91267","MZUSP 91267","Platyrinchus","mystaceus","cancromus","nd2","not_found"
"AFMTDNA2360","MZUSP","ALG-159","MZUSP ALG-159","Platyrinchus","mystaceus","niveigularis","nd2","not_found"
"AFMTDNA2374","MZUSP","ML2720","MZUSP ML 2720","Platyrinchus","mystaceus","niveigularis","nd2","not_found"
"AFMTDNA2375","MZUSP","ML2721","MZUSP ML 2721","Platyrinchus","mystaceus","niveigularis","nd2","not_found"
"AFMTDNA2376","MZUSP","ML2731","MZUSP ML 2731","Platyrinchus","mystaceus","niveigularis","nd2","not_found"
"AFMTDNA2377","MZUSP","ML2732","MZUSP ML 2732","Platyrinchus","mystaceus","niveigularis","nd2","not_found"
"AFMTDNA2384","MZUSP","OBR26","MZUSP OBR 026","Platyrinchus","mystaceus","mystaceus","nd2","not_found"
"AFMTDNA2393","FMNH","427278","FMNH 427278","Tangara","cyanocephala","corallina","nd2","duplicate"
"AFMTDNA2394","FMNH","427279","FMNH 427279","Tangara","cyanocephala","corallina","nd2","duplicate"
"AFMTDNA2406","MZUSP","ESS8","MZUSP ESS 08","Tangara","cyanocephala","cyanocephala","nd2","not_found"
"AFMTDNA2411","MZUSP","ML2571","MZUSP ML 2571","Tangara","cyanocephala","cyanocephala","nd2","not_found"
"AFMTDNA2412","MZUSP","ML2577","MZUSP ML 2577","Tangara","cyanocephala","cyanocephala","nd2","not_found"
"AFMTDNA2413","MZUSP","MCP5511","MZUSP MCP 5511","Tangara","cyanocephala","cyanocephala","nd2","duplicate"
"AFMTDNA2417","MZUSP","41986","MZUSP 41986","Tangara","cyanocephala","cearensis","nd2","not_found"
"AFMTDNA2418","MZUSP","41976","MZUSP 41976","Tangara","cyanocephala","cearensis","nd2","not_found"
"AFMTDNA2419","MZUSP","92131","MZUSP 92131","Thalurania","glaucopis",NA,"nd2","not_found"
"AFMTDNA2422","MZUSP","ML2714","MZUSP ML 2714","Thalurania","watertonii",NA,"nd2","not_found"
"AFMTDNA2423","MZUSP","ML2735","MZUSP ML 2735","Thalurania","watertonii",NA,"nd2","not_found"
"AFMTDNA2437","MZUSP","FRA163","MZUSP FRA 163","Thalurania","glaucopis",NA,"nd2","duplicate"
"AFMTDNA2438","MZUSP","FRA162","MZUSP FRA 162","Thalurania","glaucopis",NA,"nd2","duplicate"
"AFMTDNA2439","MZUSP","FRA165","MZUSP FRA 165","Thalurania","glaucopis",NA,"nd2","duplicate"
"AFMTDNA2440","MZUSP","SM8","MZUSP SM 08","Thalurania","glaucopis",NA,"nd2","not_found"
"AFMTDNA2441","MZUSP","FRA175","MZUSP FRA 175","Thalurania","glaucopis",NA,"nd2","duplicate"
"AFMTDNA2446","MZUSP","ML2569","MZUSP ML 2569","Thalurania","glaucopis",NA,"nd2","not_found"
"AFMTDNA2447","MZUSP","ML2575","MZUSP ML 2575","Thalurania","glaucopis",NA,"nd2","not_found"
"AFMTDNA2448","MZUSP","MCP5494","MZUSP MCP 5494","Thalurania","glaucopis",NA,"nd2","duplicate"
"AFMTDNA2449","MZUSP","MCP5497","MZUSP MCP 5497","Thalurania","glaucopis",NA,"nd2","duplicate"
"AFMTDNA2450","MZUSP","MCP5521","MZUSP MCP 5521","Thalurania","glaucopis",NA,"nd2","duplicate"
"AFMTDNA2455","MZUSP","ML2574","MZUSP ML 2574","Hemithraupis","flavicollis","insignis","nd2","not_found"
"AFMTDNA2456","MZUSP","ML2558","MZUSP ML 2558","Hemithraupis","flavicollis","insignis","nd2","not_found"
"AFMTDNA2457","MZUSP","ML2557","MZUSP ML 2557","Hemithraupis","flavicollis","insignis","nd2","not_found"
"AFMTDNA2461","FMNH","427242","FMNH 427242","Hemithraupis","flavicollis","melanoxantha","nd2","not_found"
"AFMTDNA2466","MZUSP","85788","MZUSP 85788","Phaethornis","margarettae","camargoi","nd2","not_found"
"AFMTDNA2467","MZUSP","85820","MZUSP 85820","Phaethornis","margarettae","camargoi","nd2","not_found"
"AFMTDNA2468","MZUSP","ML2734","MZUSP ML 2734","Phaethornis","margarettae","camargoi","nd2","not_found"
"AFMTDNA2469","MZUSP","91401","MZUSP 91401","Phaethornis","margarettae","margarettae","nd2","not_found"
"AFMTDNA2470","MZFS","DA1390","MZFS DA 01390","Phaethornis","margarettae","margarettae","nd2","not_found"
"AFMTDNA325","KU","92985","KU92985","Thamnophilus","caerulescens","caerulescens","nd2","not_found"
"AFMTDNA326","KU","91217","KU91217","Thamnophilus","caerulescens","caerulescens","nd2","not_found"
"AFMTDNA327","MZUSP","ML2030","MZUSPML2030","Thamnophilus","caerulescens","caerulescens","nd2","not_found"
"AFMTDNA328","MZUSP","ML2031","MZUSPML2031","Thamnophilus","caerulescens","ochraceiventer","nd2","not_found"
"AFMTDNA329","MZUSP","101628","MZUSP101628","Thamnophilus","caerulescens","caerulescens","nd2","not_found"
"AFMTDNA330","MZUSP","ML2032","MZUSPML2032","Thamnophilus","caerulescens","caerulescens","nd2","not_found"
"AFMTDNA334","MPEG","72020","MPEG72020","Thamnophilus","caerulescens","gilvigaster","nd2","not_found"
"AFMTDNA335","MPEG","72064","MPEG72064","Thamnophilus","caerulescens","gilvigaster","nd2","not_found"
"AFMTDNA336","DZUFMG","6798","DZUFMG6798","Thamnophilus","caerulescens","caerulescens","nd2","not_found"
"AFMTDNA337","DZUFMG","6799","DZUFMG6799","Thamnophilus","caerulescens","caerulescens","nd2","not_found"
"AFMTDNA338","DZUFMG","6800","DZUFMG6800","Thamnophilus","caerulescens","caerulescens","nd2","not_found"
"AFMTDNA340","FMNH","395426","FMNH395426","Thamnophilus","caerulescens","caerulescens","nd2","duplicate"
"AFMTDNA430",NA,"140","Sample 140","Scytalopus","speluncae",NA,"cytb","not_found"
"AFMTDNA433",NA,"141","Sample 141","Scytalopus","speluncae",NA,"cytb","not_found"
"AFMTDNA452",NA,"146","Sample 146","Scytalopus","speluncae",NA,"cytb","not_found"
"AFMTDNA691",NA,"15137","15137","Rhopias","gularis",NA,"cytb","not_found"
"AFMTDNA692",NA,"15138","15138","Rhopias","gularis",NA,"cytb","not_found"
"AFMTDNA728",NA,"B1280","B1280","Rhopias","gularis",NA,"nd2","not_found"
"AFMTDNA750",NA,"15655","15655","Rhopias","gularis",NA,"nd2","not_found"
"AFMTDNA753",NA,"14715","14715","Rhopias","gularis",NA,"nd2","not_found"
"AFMTDNA798","UERJC","24508","UERJC24508","Pseudopipra","pipra","cephaleucos","nd2","not_found"
"AFMTDNA799","UERJD","30775","UERJD30775","Pseudopipra","pipra","cephaleucos","nd2","not_found"
"AFMTDNA800","UERJD","30776","UERJD30776","Pseudopipra","pipra","cephaleucos","nd2","not_found"
"AFMTDNA801","UERJD","30787","UERJD30787","Pseudopipra","pipra","cephaleucos","nd2","not_found"
"AFMTDNA802","UERJD","51860","UERJD51860","Pseudopipra","pipra","cephaleucos","nd2","not_found"
"AFMTDNA803","UERJC","23264","UERJC23264","Pseudopipra","pipra","cephaleucos","nd2","not_found"
"AFMTDNA804",NA,"FRA46","FRA46","Microspingus","lateralis",NA,"cytb","duplicate"
"AFMTDNA884",NA,"FRA67","FRA67","Microspingus","cabanisi",NA,"cytb","duplicate"
"AFMTDNA897","MACN-Or-ct","7004","MACN-Or-ct 7004","Trichothraupis","melanops",NA,"cytb","not_found"
"AFMTDNA901","MG","51929","MG51929","Trichothraupis","melanops",NA,"cytb","not_found"
"AFMTDNA902","MG","51930","MG51930","Trichothraupis","melanops",NA,"cytb","not_found"
"AFMTDNA906","LGEMA","14643","LGEMA 14643","Trichothraupis","melanops",NA,"cytb","not_found"
"AFMTDNA920","LGEMA","15193","LGEMA 15193","Trichothraupis","melanops",NA,"cytb","not_found"
"AFMTDNA928",NA,"B1366","B1366","Trichothraupis","melanops",NA,"cytb","not_found"
"AFMTDNA932",NA,"B047","B047","Trichothraupis","melanops",NA,"cytb","not_found"
"AFMTDNA936",NA,"B3222","B3222","Trichothraupis","melanops",NA,"cytb","not_found"
"AFMTDNA942","FMNH","399263","399263","Conopophaga","melanops",NA,"cr","not_found"
